codunidadeembarque,descricao,dataatual,dataexportacao,liberado,codunidadenegocio,descsegurosaldomot,codfilial,taxaseguro,serie,endereco,codcidade,cep,fone,fax,email,embarcador,complemento,taxaiss,nomereduzido,utilizacte,emailcte,percmaxadiant,cnpj,inscricaoestadual,caminhobdcte,tpamb,versaodados,emailret,emailerro,rntrc,nomeseguradora,numeroapolice,respseguro,resppedagio,tipopedagio,codfornecedor,venccontrpedagio,versaocte,numero,usuarioins,datadigitacao,usuarioalt,tipo,percminlucro,percminlucrotercpf,percminlucroproprio,percminlucroagreg,bairro,margemmaxfrota,margemminfrota,margemminfrete,margemminpf,margemminpj,margemminagregado,margemminagregadomisto,percfrota,utilizamdfe,emailmdfe,versaomdfe,tpemis,versaomodal,versaoeventocte,versaoeventomdfe,versaoeventonfe,mdfetpamb,obscartafrete1,obscartafrete2,obscartafrete3,enderecocob,complementocob,codcidadecob,cepcob,bairrocob,numerocob,fonecob,faxcob,limitediariocartao,inscricaomunicipal,obsseguro,verifsublimite,premioseguro2,percmaxadiant2,arqlogo,nfsecnae,nfsecodservico,nfsedescservico,nfseversao,nfseserie,nfsetpamb,codcidadenfse,descontaisssaldoemp,impcartafrete,obs,cnpjseguradora,cidadanfseus,cidadanfsepw,cidadanfsechave,obsordemcar,obsordemcompra,tpemisnfe,sm_localorigem,sm_localdestino,sm_valores,sm_obs,sm_obs2,listanegocio,nfsecodtributacao,codmotoristager,codmotoristasup,celular,tpemismdfe,sm_transportadora,checklist,taxaadm,taxaseguro2,codmotoristasup2,ctecrt,descsegurosaldo,codmotoristaencarregado
34,INATIVO -  CANARANA - MT (ROGÉRIO) ,2024-11-13 14:27:17.980,,N,4.0,N,1,0.0,U,"RODOVIA MT 020, KM 06 ",5250.0,,06634265920,06634265920,canarana@bomfrete.com.br,,ANEXO AO POSTO NOGUEIRA ,,,S,oneidelogistica@hotmail.com,,24073150000193,136136990,emonitor.intersite.com.br:/sistemas/emonitor/bd/emonitor.fdb,1,4.00,oneidelogistica@hotmail.com,oneidelogistica@hotmail.com,,TOKIO MARINE SEGUROS ,0123456789,4,4,0,,,4.00,S/N,JESSICAM,2023-01-31 13:28:18.697000,ELIANE,3.0,5.0,,,,1º AGROVILLA ,5.0,5.0,0.0,5.0,5.0,5.0,,,S,oneidelogistica@hotmail.com,3.00,1,4.00,4.00,3.00,2.00,1,,,,,,,,,,06634265920,06634265920,,,,,,,,,,,,,,,,,,61383493000180,,,,,,1,,,,,,,,,,066996729801,1,,",",,,,,,
5,RONDONÓPOLIS - MT - MATRIZ - (ONEIDE) ALGODÃO,2024-11-26 14:09:30.875,,S,12.0,N,1,0.0,U,"AVENIDA RENATO VETORASSO BR 163 KM 119, DISTRITO INDUSTRIAL VETORASSO",5316.0,78938000,066992288484,,financeiro04@bomfrete.com.br,THIAGO YUDY PERAIRA YAMASHITA CHAMONE ,CONTAINER POSTO ALDO LOCATELLI,,MATRIZ (O) A,S,faturamento@bomfrete.com.br,90.0,24073150000193,136136990,emonitor.intersite.com.br:/sistemas/emonitor/bd/emonitor.fdb,1,4.00,faturamento@bomfrete.com.br,faturamento@bomfrete.com.br,,TOKIO MARINE SEGUROS ,0123456789,4,4,0,,,4.00,1399,THIAGO,2020-08-06 14:15:58.686000,JESSICAM,3.0,,,,,VILA BIRIGUI ,,,0.0,,,,,,S,oneidelogistica@hotmail.com,3.00,1,4.00,4.00,3.00,2.00,1,,,,RUA 19 DE NOVEMBRO ,,5316.0,,VILA BIRIGUI ,,,,,,,,,90.0,,,,,,,,,,,,61383493000180,,,,,,1,,,,,,2,,,,066992288484,,,",",,,,,,
53,ALGODÃO - MT 01 ,2024-11-11 13:18:03.972,,S,18.0,N,1,0.14,U,RUA COLONIZADOR ENIO PIPINO ,5227.0,,06634265920,,bomfrete@bomfrete.com.br,,,,ALGODÃO  01 ,S,oneidelogistica@hotmail.com,,24073150000193,136136990,emonitor.intersite.com.br:/sistemas/emonitor/bd/emonitor.fdb,1,4.00,oneidelogistica@hotmail.com,oneidelogistica@hotmail.com,,TOKIO MARINE SEGUROS ,0123456789,4,4,0,,,4.00,4421,NATHALYA,2024-10-25 08:58:44.833000,NATHALYA,3.0,5.0,,,,INDUSTRIAL,5.0,5.0,0.0,5.0,5.0,5.0,0.0,,S,oneidelogistica@hotmail.com,3.00,1,4.00,4.00,3.00,2.00,1,,,,ARY COELHO ,,5316.0,78746055,VILA BIRIGUI ,1124,06634265920,,,,,,,,,,,,,,,,,,,,,,,,,1,,,,,,,,,,,,,",",,,,,S,
73,MIRITITUBA / SANTAREM - PA 01,2024-12-18 07:36:03.370,,S,18.0,N,22,0.14,U,RODOVIA TRANSAMAZONICA BR 163 KM 1429 LOTE 05 DA GLEBA 06,245.0,68191970,06634265920,,bomfrete@bomfrete.com.br,,SALA 01 B POSTO TREVÃO,,MTB,S,oneidelogistica@hotmail.com,,24073150001084,158575660,emonitor.intersite.com.br:/sistemas/emonitor/bd/emonitor.fdb,1,4.00,oneidelogistica@hotmail.com,oneidelogistica@hotmail.com,,TOKIO MARINE SEGUROS ,0123456789,4,5,0,,,4.00,SN,LUCASKP,2024-11-13 10:02:03.947000,JESSICAM,3.0,,,,,PARQUE INDUSTRIAL,,,0.0,,,,,,S,oneidelogistica@hotmail.com,3.00,1,4.00,4.00,3.00,2.00,1,,,,AVENDIA ARY COELHO,,5316.0,78700000,VILA BIRIGUI,SN,06634265920,,,,,,,,,,,,,,,,,,,61383493000180,,,,,,1,,,,,,,,,,,1,,",",,,,,S,
24,ADMINISTRATIVO,2024-11-18 15:29:47.737,,S,1.0,N,1,0.0,U,AVENIDA ARY COELHO,5316.0,78705050,,,bomfrete@bomfrete.com.br,,VILA BIRIGUI,,,S,,,,,,1,4.00,,,,TOKIO MARINE SEGUROS ,0123456789,4,4,0,,,4.00,1124,S,2022-03-26 08:57:10.960000,LUCASKP,1.0,,,,,CENTRO,0.0,0.0,0.0,0.0,0.0,0.0,0.0,,,,3.00,1,4.00,4.00,,2.00,,,,,,,,,,,,,,,,,,,,,,,,,,,,,,61383493000180,,,,,,,,,,,,,,,,,,,",",,,,,,
40,INATIVO - SUBSTITUTO / NORMAL - 7,2024-10-03 17:38:20.403,,N,,N,1,0.0,U,,5316.0,,,,,,,,,S,,,,,,1,4.00,,,,TOKIO MARINE SEGUROS ,0123456789,4,4,0,,,4.00,,S,2023-08-09 10:50:08.341000,RENATA,1.0,,,,,,0.0,0.0,0.0,0.0,0.0,0.0,0.0,,S,,3.00,1,4.00,4.00,3.00,,1,,,,,,,,,,,,,,,,,,,,,,,,,,,,,61383493000180,,,,,,,,,,,,,,,,,,,",",,,,,,
43,ROGÉRIO ADM,2024-12-13 15:35:42.244,,N,4.0,N,1,0.0,U,ARY COELHO ,5316.0,,06634235920,,,,,,,N,,,24073150000193,,,1,4.00,,,,TOKIO MARINE SEGUROS ,0123456789,4,4,0,,,4.00,1124,JESSICAM,2023-11-07 17:31:17.647000,NATHALYA,,,,,,VILA BIRIGUI,0.0,0.0,0.0,0.0,0.0,0.0,0.0,,,,3.00,1,4.00,4.00,,,,,,,,,5316.0,,,,,,,,,,,,,,,,,,,,,,,61383493000180,,,,,,1,,,,,,,,,,,,,",",,,,3,,
42,VILHENA (ONEIDE),2024-10-25 10:27:06.991,,S,12.0,N,1,0.0,1,AVENIDA MARECHAL RONDON,45.0,76987832,,,bomfrete@bomfrete.com.br,,SALA 67,,VILHENA (O),N,oneidelogistica@hotmail.com,70.0,24073150000193,136136990,emonitor.intersite.com.br:/sistemas/emonitor/bd/emonitor.fdb,,4.00,oneidelogistica@hotmail.com,oneidelogistica@hotmail.com,,TOKIO MARINE SEGUROS ,0123456789,4,4,0,,,4.00,7784,THIAGO,2023-10-16 13:43:13.553000,JESSICAM,,,,,,TANCREDO NEVES,7.0,7.0,0.0,7.0,7.0,7.0,7.0,,S,oneidelogistica@hotmail.com,3.00,1,4.00,4.00,3.00,2.00,1,,,,AVENIDA MARECHAL RONDON,SALA 67,45.0,76987832,TANCREDO NEVES,7784,06634265920,,,3520203,,,,70.0,,,,,,,,,,,,61383493000180,,,,,,1,,,,,,,,,,066996402005,1,,",",,,,,,
17,INATIVO - ORLÂNDIA - SP ,2024-01-03 16:53:44.422,,N,6.0,N,1,0.0,U,AVENIDA ARY COELHO,3386.0,78746055,06634265920,,bomfrete@bomfrete.com.br,,,,,S,oneidelogistica@hotmail.com,70.0,24007315000019,136136990,emonitor.intersite.com.br:/sistemas/emonitor/bd/emonitor.fdb,1,,oneidelogistica@hotmail.com,oneidelogistica@hotmail.com,,SOMPO SEGUROS ,,4,4,0,,,3.00,SN,S,2021-10-06 14:59:51.194000,THIAGO,3.0,7.0,,,,VILA BIRIGUI,7.0,7.0,0.0,7.0,7.0,7.0,7.0,,S,oneidelogistica@hotmail.com,3.00,1,3.00,3.00,3.00,2.00,1,,,,AVENIDA ARY COELHO,,5316.0,78746055,VILA BIRIGUI,SN,06634265920,,,,,,,70.0,,,,,,,,,,,,,,,,,,1,,,,,,,,,,,,,",",,,,,,
4,INATIVO - PORTO VELHO - RO,2024-01-03 16:54:08.405,,N,5.0,S,1,0.0,U,"RODOVIA BR 364, KM 691",7.0,78938000,06692102003,,bomfrete@bomfrete.com.br,ROBERTO ,POSTO MIRIAN,,ROBERTO ,S,oneidelogistica@hotmail.com,70.0,24073150000193,136136990,emonitor.intersite.com.br:/sistemas/emonitor/bd/emonitor.fdb,1,,oneidelogistica@hotmail.com,oneidelogistica@hotmail.com,,SOMPO SEGUROS ,,4,4,0,,,3.00,S/N,THIAGO,2020-07-22 08:21:17.531000,THIAGO,3.0,7.0,,,,ZONA RURAL,7.0,7.0,0.0,7.0,7.0,7.0,7.0,,S,oneidelogistica@hotmail.com,3.00,1,3.00,3.00,3.00,2.00,1,,,,"RODOVIA BR 364, KM 691",POSTO MIRIAN,7.0,78938000,ZONA RURAL,,06692102003,,,,,,,70.0,,,,,,,,,,,,,,,,,,1,,,,,,2,,,,066992102003,,,",",,,,,,
32,INATIVO - DIAMANTINO - MT (ROGÉRIO),2024-12-13 15:38:29.337,,N,4.0,N,1,0.0,U,RODOVIA SENADOR ROBERTO CAMPOS,5204.0,78400000,,,bomfrete@bomfrete.com.br,,EM ANEXO AO POSTO TREVAO ,,DIAMANTINO (R),S,oneidelogistica@hotmail.com,70.0,24073150000193,136136990,emonitor.intersite.com.br:/sistemas/emonitor/bd/emonitor.fdb,1,4.00,oneidelogistica@hotmail.com,oneidelogistica@hotmail.com,,TOKIO MARINE SEGUROS ,0123456789,4,4,0,,,4.00,,JESSICAM,2023-01-24 17:31:29.117000,NATHALYA,3.0,5.0,,,,NOVO DIAMANTINO,5.0,5.0,0.0,5.0,5.0,5.0,5.0,,S,oneidelogistica@hotmail.com,3.00,1,4.00,4.00,3.00,2.00,1,,,,,,,,,,,,,,,,,70.0,,,,,,,,,,,,61383493000180,,,,,,1,,,,,,,,,,,1,,",",,,,,,
16,INATIVO - MARINGA - PR ,2024-01-03 16:53:26.005,,N,6.0,S,1,0.0,U,RUA DEZENOVE DE NOVEMBRO,4038.0,78746055,06634265920,,bomfrete@bomfrete.com.br,,,,,S,oneidelogistica@hotmail.com,70.0,24073150000193,136136990,emonitor.intersite.com.br:/sistemas/emonitor/bd/emonitor.fdb,1,,oneidelogistica@hotmail.com,oneidelogistica@hotmail.com,,SOMPO SEGUROS ,,4,4,0,,,3.00,SN,S,2021-09-06 08:10:10.897000,THIAGO,3.0,7.0,,,,VILA BIRIGUI,7.0,7.0,0.0,7.0,7.0,7.0,7.0,,S,oneidelogistica@hotmail.com,3.00,1,3.00,3.00,3.00,2.00,1,,,,RUA DEZENOVE DE NOVEMBRO,,5316.0,78746055,VILA BIRIGUI,SN,06634265920,,,,,,,70.0,,,,,,,,,,,,,,,,,,1,,,,,,,,,,,1,,",",,,,,,
48,UBERABA - MG  (ONEIDE),2024-10-03 17:30:04.073,,N,18.0,N,18,0.098,U,RUA MENELICK DE CARVALHO ,2481.0,78746055,06634265920,,bomfrete@bomfrete.com.br,,,,,S,oneidelogistica@hotmail.com,70.0,24073150000940,0043646960019,emonitor.intersite.com.br:/sistemas/emonitor/bd/emonitor.fdb,1,4.00,oneidelogistica@hotmail.com,oneidelogistica@hotmail.com,,TOKIO MARINE SEGUROS ,0123456789,4,4,0,,,4.00,SN,JESSICAM,2024-05-08 15:20:52.139000,RENATA,,,,,,BOA VISTA ,0.0,0.0,0.0,0.0,0.0,0.0,0.0,,S,oneidelogistica@hotmail.com,3.00,1,4.00,4.00,3.00,2.00,1,,,,RUA MENELICK DE CARVALHO ,,2481.0,,BOA VISTA,SN,06634265920,,,,,,,70.0,,,,,,,,,,,,61383493000180,,,,,,1,,,,,,,,,,,1,,",",,,,3,,
59,RONDONOPOLIS - MT 01,2024-12-17 07:25:38.201,,S,18.0,N,1,0.14,U,AVENIDA RENATO VETORASSO BR 163 KM 119,5316.0,78700000,06634265920,,bomfrete@bomfrete.com.br,,SALA 17 POSTO LOCATELLI,,ROO  01,S,faturamento@bomfrete.com.br,85.0,24073150000193,1361336990,emonitor.intersite.com.br:/sistemas/emonitor/bd/emonitor.fdb,1,4.00,faturamento@bomfrete.com.br,faturamento@bomfrete.com.br,,TOKIO MARINE SEGUROS ,0123456789,4,4,0,,,4.00,SN,ANAPAULAS,2024-10-25 09:52:50.625000,LUCASKP,3.0,,,,,DISTRITO INDUSTRIAL ,,,0.0,,,,,,S,oneidelogistica@hotmail.com,3.00,1,4.00,4.00,3.00,2.00,1,,,,AVENIDA ARY COELHO ,,5316.0,78700000,VILA BIRIGUI,SN,06634265920,,,,,N,,85.0,,,,,,,,,,,,61383493000180,,,,,,1,,,,,,,,,,,1,,",",,,,3,,
61,CAMPO NOVO  DO PARECIS - MT 01,2024-11-18 15:19:46.118,,S,18.0,N,1,0.0,U,AVENIDA OLACYR FRANCISCO DE MORAES,5201.0,78360000,06631265920,06634265920,camponovodoparecis@bomfrete.com.br,,SALA 21 POSTO 10,,CNP 01,S,oneidelogistica@hotmail.com,70.0,24073150000193,136136990,emonitor.intersite.com.br:/sistemas/emonitor/bd/emonitor.fdb,1,4.00,oneidelogistica@hotmail.com,oneidelogistica@hotmail.com,,TOKIO MARINE SEGUROS ,0123456789,4,4,0,,,4.00,169,ANAPAULAS,2024-10-25 10:19:44.876000,LUCASKP,3.0,5.0,,,,SETOR INDUSTRIAL ,5.0,5.0,0.0,5.0,5.0,5.0,5.0,,S,oneidelogistica@hotmail.com,3.00,1,4.00,4.00,3.00,2.00,1,,,,AVENIDA OLACYR FRANCISCO DE MORAES ,,,,,169,06634265920,06634265920,,,,,,70.0,,,,,,,,,,,,61383493000180,,,,,,1,,,,,,,,,,065998018934,1,,",",,,,,,
37,GERONIMO CIRINO,2024-11-18 15:53:22.317,,S,10.0,N,1,0.0,U,AVENIDA AYRTON SENNA,5290.0,78098970,06634265920,,bomfrete@bomfrete.com.br,,SALA 14 E 15 POSTO ALDO LOCATELLI,,,S,oneidelogistica@hotmail.com,80.0,24073150000193,136136990,emonitor.intersite.com.br:/sistemas/emonitor/bd/emonitor.fdb,1,4.00,oneidelogistica@hotmail.com,oneidelogistica@hotmail.com,,TOKIO MARINE SEGUROS ,0123456789,4,4,0,,,4.00,397,S,2023-02-02 13:58:47.586000,LUCASKP,3.0,,,,,DISTRITO INDUSTRIAL,,,0.0,,,,,,S,oneidelogistica@hotmail.com,3.00,1,4.00,4.00,3.00,2.00,1,,,,AVENIDA AYRTON SENNA,KM 397,5290.0,,JARDIM INDUSTRIAL ,,06634265920,,,,,,,80.0,,,,,,,,,,,,61383493000180,,,,,,1,,,,,,,,,,066999737923,,,",",,,,3,,
15,INATIVO PARANAGUA - PR (FÁBIO),2024-12-13 15:38:03.084,,N,7.0,N,1,0.07,U,RUA PARANA,4165.0,85810010,06634265920,06634265920,financeiro@bomfrete.com.br,,,,PARANAGUA (F),S,oneidelogistica@hotmail.com,90.0,24073150000517,9090585204,emonitor.intersite.com.br:/sistemas/emonitor/bd/emonitor.fdb,1,4.00,oneidelogistica@hotmail.com,oneidelogistica@hotmail.com,,SOMPO SEGUROS,0123456789,4,4,0,,,4.00,300,S,2021-08-19 10:09:25.905000,NATHALYA,3.0,,,,,CENTRO,,,0.0,,,,,,S,oneidelogistica@hotmail.com,3.00,1,4.00,4.00,3.00,2.00,1,,,,RUA PARANA,,4165.0,,CENTRO,,06634265920,06634265920,,,,,,90.0,,,,,,,,,,,LIBERADO PELO SR. ONEIDE NA DATA DO DIA 08/05 VIA CONVERSA PESSOAL COM DEPARTAMENTO DA CONTROLADORIA QUESTÃO DA MARGEM EM TIRAR O PARAMETRO DA MESMA.,61383493000180,,,,,,1,,,,,,,,,,,1,,",",,,,3,,
19,INATIVO - CAMPO NOVO  DO PARECIS - MT (TIAGO PANSIERE) ALGODÃO   ,2024-11-08 15:18:20.260,,N,5.0,N,1,0.0,U,AVENIDA OLACYR FRANCISCO DE MORAES ,5201.0,78360000,,,bomfrete@bomfrete.com.br,,,,,S,oneidelogistica@hotmail.com,70.0,24073150000193,136136990,emonitor.intersite.com.br:/sistemas/emonitor/bd/emonitor.fdb,1,4.00,oneidelogistica@hotmail.com,oneidelogistica@hotmail.com,,SOMPO SEGUROS,,4,4,0,,,4.00,169,GABRIEL,2022-02-11 08:09:28.052000,NATHALYA,3.0,7.0,,,,SETOR INDUSTRIAL ,7.0,7.0,0.0,7.0,7.0,7.0,7.0,,S,oneidelogistica@hotmail.com,3.00,1,4.00,4.00,3.00,,1,,,,,,,,,,,,,,,,,70.0,,,,,,,,,,,,,,,,,,1,,,,,,,,,,,,,",",,,,,,
18,INATIVO - CAMPO NOVO  DO PARECIS - MT (TIAGO PANSIERE)  ,2024-11-08 15:18:24.535,,N,5.0,N,1,0.0,U,AVENIDA OLACYR FRANCISCO DE MORAES ,5201.0,78360000,,,bomfrete@bomfrete.com.br,,,,,S,oneidelogistica@hotmail.com,70.0,24073150000193,136136990,emonitor.intersite.com.br:/sistemas/emonitor/bd/emonitor.fdb,1,4.00,oneidelogistica@hotmail.com,oneidelogistica@hotmail.com,,SOMPO SEGUROS ,,4,4,0,,,4.00,169,THIAGO,2021-12-17 14:40:11.313000,NATHALYA,3.0,7.0,,,,SETOR INDUSTRIAL ,7.0,7.0,0.0,7.0,7.0,7.0,7.0,,S,oneidelogistica@hotmail.com,3.00,1,4.00,4.00,3.00,2.00,1,,,,,,,,,,,,,,,,,70.0,,,,,,,,,,,,,,,,,,1,,,,,,,,,,,,,",",,,,,,
11,INATIVO - LUCAS DO RIO VERDE - MT (ROGÉRIO),2024-12-13 15:38:23.012,,N,4.0,N,1,0.14,U,"RODOVIA BR 163, KM 173 ",5214.0,78700000,06634265920,,bomfrete@bomfrete.com.br,LUCIO ,,,LRV (R),S,oneidelogistica@hotmail.com,75.0,26073150000193,136136990,emonitor.intersite.com.br:/sistemas/emonitor/bd/emonitor.fdb,1,4.00,oneidelogistica@hotmail.com,oneidelogistica@hotmail.com,,TOKIO MARINE SEGUROS ,0123456789,4,4,0,,,4.00,SN,THIAGO,2021-02-16 18:53:23.461000,NATHALYA,3.0,5.0,,,,INDUSTRIAL,5.0,5.0,0.0,5.0,5.0,5.0,5.0,,S,oneidelogistica@hotmail.com,3.00,1,4.00,4.00,3.00,2.00,1,,,,AVENDIA ARY COELHO ,,5316.0,78700000,VILA BIRIGUI,SN,06634265920,,,,,,,75.0,,,,,,,,,,,,61383493000180,,,,,,1,,,,,,2,,,,,1,,",",,,,,,
41,INATIVO - AGUA BOA  - MT (ROGÉRIO) ,2024-12-13 15:39:00.551,,N,4.0,N,1,0.0,U,RODOVIA MT 240 KM 44,5248.0,,06634265920,06634265920,aguaboa@bomfrete.com.br,,ANEXO AO AUTO POSTO MARTINÃO,,,S,oneidelogistica@hotmail.com,70.0,23073150000193,136136990,emonitor.intersite.com.br:/sistemas/emonitor/bd/emonitor.fdb,1,4.00,oneidelogistica@hotmail.com,oneidelogistica@hotmail.com,,TOKIO MARINE SEGUROS ,0123456789,4,4,0,,,4.00,SN,THIAGO,2023-08-24 09:56:42.740000,NATHALYA,3.0,5.0,,,,SETOR INDUSTRIAL II,5.0,5.0,0.0,5.0,5.0,5.0,,,S,oneidelogistica@hotmail.com,3.00,1,4.00,4.00,3.00,2.00,1,,,,,,,,,,06634265920,06634265920,,,,,,70.0,,,,,,,,,,,,61383493000180,,,,,,1,,,,,,,,,,,1,,",",,,,,,
14,INATIVO - OSVALDO CRUZ - SP (ROGÉRIO),2024-11-06 14:06:25.843,,N,4.0,N,1,0.07,U,RUA 19 DE NOVEMBRO ,5316.0,,,,bomfrete@bomfrete.com.br,,,,OC (R),S,oneidelogistica@hotmail.com,70.0,24073150000193,136136990,emonitor.intersite.com.br:/sistemas/emonitor/bd/emonitor.fdb,1,4.00,oneidelogistica@hotmail.com,oneidelogistica@hotmail.com,,SOMPO SEGUROS,0123456789,4,4,0,,,4.00,SN,S,2021-04-16 19:07:36.094000,NATHALYA,3.0,7.0,,,,VILA BIRIGUI ,7.0,7.0,0.0,7.0,7.0,7.0,7.0,,S,oneidelogistica@hotmail.com,3.00,1,4.00,4.00,3.00,2.00,1,,,,RUA 19 DE NOVEMBRO ,,5316.0,,VILA BIRIGUI,SN,,,,,,,,70.0,,,,,,,,,,,,61383493000180,,,,,,1,,,,,,,,,,018997076000,1,,",",,,,,,
44,FROTA,2024-10-28 12:42:35.542,,S,,N,1,0.0,U,AVENIDA ARY COELHO ,5316.0,78705050,06634265920,06634265920,bomfrete@bomfrete.com.br,,,,MATRIZ ,S,oneidelogistica@hotmail.com,,24073150000193,136136990,emonitor.intersite.com.br:/sistemas/emonitor/bd/emonitor.fdb,1,4.00,oneidelogistica@hotmail.com,oneidelogistica@hotmail.com,,TOKIO MARINE SEGUROS ,0123456789,4,4,0,,,4.00,1124,THIAGO,2023-12-04 14:53:34.152000,NATHALYA,1.0,,,,,VILA BIRIGUI ,,,0.0,,,,,,S,oneidelogistica@hotmail.com,3.00,1,4.00,4.00,3.00,2.00,1,,,,AVENIDA ARY COELHO ,,5316.0,78705050,VILA BIRIGUI ,1124,06634265920,06634265920,,,,,,,,,,,,,,,,,,61383493000180,,,,,,1,,,,,,,,,,,,,",",,,,,,
6,INATIVO - RONDONÓPOLIS - MT (OSVALDO) ALGODÃO ,2024-01-03 16:55:25.494,,N,5.0,S,1,0.0,1,RODOVIA BR 163,5316.0,78746055,066996702000,,faturamento@bomfrete.com.br,OSVALDO,SALA 03 BLOCO B ANEXO AO POSTO URSÃO ,,OSVALDO ,S,faturamento@bomfrete.com.br,70.0,24073150000193,136136990,emonitor.intersite.com.br:/sistemas/emonitor/bd/emonitor.fdb,1,,faturamento@bomfrete.com.br,faturamento@bomfrete.com.br,,SOMPO SEGUROS ,,4,4,0,,,3.00,S/N,THIAGO,2020-09-28 18:51:19.429000,THIAGO,3.0,,,,,PARQUE INDUSTRIAL VETORASSO,,,0.0,,,,,,S,faturamento@bomfrete.com.br,3.00,1,3.00,3.00,3.00,2.00,1,,,,RODOVIA BR 163,SALA 03 BLOCO B ANEXO AO POSTO URSÃO ,5316.0,78746055,PARQUE INDUSTRIAL VETORASSO,S/N,06696702000,,,,,,,70.0,,,,,,,1,,,,,,,,,,,1,,,,,,2,,,,066996702000,,,",",,,,,,
30,INATIVO - SAPEZAL - MT,2024-10-03 18:00:55.897,,N,1.0,S,1,0.14,1,AVENIDA PREFEITO ANDRE ANTONIO MAGGI,5205.0,78385000,06634265920,,bomfrete@bomfrete.com.br,LUIZ PAULO,AG55,,SAPEZAL (E),S,oneidelogistica@hotmail.com,70.0,24073150000193,136136990,emonitor.intersite.com.br:/sistemas/emonitor/bd/emonitor.fdb,1,4.00,oneidelogistica@hotmail.com,oneidelogistica@hotmail.com,,TOKIO MARINE SEGUROS ,0123456789,4,4,0,,,4.00,1159,S,2022-07-25 08:42:20.447000,RENATA,3.0,7.0,,,,CIDEZAL 2,7.0,7.0,0.0,7.0,7.0,7.0,7.0,,S,oneidelogistica@hotmail.com,3.00,1,4.00,4.00,3.00,2.00,1,,,,AVENDIA ARY COELHO ,,5316.0,78700000,VILA BIRIGUI,SN,06634265920,,,,,,,70.0,,,,,,,1,,S,,,61383493000180,,,,,,1,,,,,,,,,,,,,",",,,,,,
29,INATIVO - RONDONOPOLIS - MT (RODOLFO),2024-10-03 18:01:46.873,,N,13.0,N,1,0.14,U,"BR 163, KM 119",5316.0,78700000,06634265920,,bomfrete@bomfrete.com.br,,RENATO VETORASSO,,RODOLFO,S,oneidelogistica@hotmail.com,70.0,24073150000193,1361336990,emonitor.intersite.com.br:/sistemas/emonitor/bd/emonitor.fdb,1,4.00,oneidelogistica@hotmail.com,oneidelogistica@hotmail.com,,TOKIO MARINE SEGUROS ,0123456789,4,4,0,,,4.00,SN,GABRIEL,2022-05-10 10:42:37.844000,RENATA,3.0,,,,,DISTRITO INDUSTRIAL,8.0,8.0,0.0,8.0,8.0,8.0,8.0,,S,oneidelogistica@hotmail.com,3.00,1,4.00,4.00,3.00,2.00,1,,,,AVENIDA ARY COELHO,,5316.0,78700000,VILA BIRIGUI,SN,06634265920,,,,,,,70.0,,,,,,,,,,,,61383493000180,,,,,,1,,,,,,,,,,,1,,",",,,,3,,
55,PRIMAVERA DO LESTE - MT 01,2024-12-18 17:30:01.954,,S,18.0,N,1,0.0,U,AV. SÃO PAULO,5299.0,78850000,,,oneide@bomfrete.com.br,,POSTO ALDO LOCATELLI,,,S,faturamento@bomfrete.com.br,,24073150000193,136136990,emonitor.intersite.com.br:/sistemas/emonitor/bd/emonitor.fdb,1,4.00,faturamento@bomfrete.com.br,faturamento@bomfrete.com.br,,TOKIO MARINE SEGUROS ,0123456789,4,4,0,,,4.00,1470,ANAPAULAS,2024-10-25 09:01:19.584000,JESSICAM,3.0,5.0,,,,SETOR INDUSTRIAL,5.0,5.0,0.0,5.0,5.0,5.0,5.0,,S,oneidelogistica@hotmail.com,3.00,1,4.00,4.00,3.00,2.00,1,,,,,,,,,,,,,,,,,,,,,,,,,,,,,61383493000180,,,,,,1,,,,,,,,,,,1,,",",,,,,,
26,INATIVO - CUIABA - MT  - GABRIEL ALGODAO,2024-11-08 15:17:54.306,,N,8.0,S,1,0.0,U,AVENIDA AIRTON SENNA ,5290.0,78098970,06634265920,,bomfrete@bomfrete.com.br,,KM 397,,CUIABA (G) A,N,oneidelogistica@hotmail.com,70.0,24073150000193,136136990,emonitor.intersite.com.br:/sistemas/emonitor/bd/emonitor.fdb,,4.00,oneidelogistica@hotmail.com,oneidelogistica@hotmail.com,,SOMPO SEGUROS ,,4,4,0,,,4.00,SN,GABRIEL,2022-04-14 09:09:56.009000,NATHALYA,3.0,7.0,,,,JARDIM INDUSTRIARIO ,7.0,7.0,0.0,7.0,7.0,7.0,7.0,,S,oneidelogistica@hotmail.com,3.00,1,4.00,4.00,3.00,2.00,1,,,,AVENIDA ARY COELHO ,,5316.0,78746055,VILA BIRIGUI,1124,06634265920,,,,,,,70.0,,,,,,,,,,,,,,,,,,1,,,,,,2,,,,065996650121,,,",",,,,,,
0,NAO INFORMADO,,,N,,,0,,U,,,,,,,,,,,,,,,,,,,,,,,,,,,,,,,S,2022-09-21 14:27:43.890412,,,,,,,,,,,,,,,,,,,,,,,,,,,,,,,,,,,,,,,,,,,,,,,,,,,,,,,,,,,,,,,,,,,,,,,,,,,,,,
3,CUIABA - MT (MARCÃO),2024-12-17 17:29:43.667,,S,9.0,S,1,0.0,U,"AVENIDA AYRTON SENNA DA SILVA KM 397,4, DISTRITO INDUSTRIAL",5290.0,78098970,06634265920,,bomfrete@bomfrete.com.br,,SALA 14 E 15 POSTO ALDO LOCATELLI,,CUIABA (M),S,oneidelogistica@hotmail.com,90.0,24073150000193,136136990,emonitor.intersite.com.br:/sistemas/emonitor/bd/emonitor.fdb,1,4.00,oneidelogistica@hotmail.com,oneidelogistica@hotmail.com,,TOKIO MARINE SEGUROS ,0123456789,4,4,0,,,4.00,SN,PAULO,2020-05-07 09:16:12.963000,JESSICAM,3.0,0.0,,,,JARDIM INDUSTRIARIO ,0.0,0.0,0.0,0.0,,0.0,0.0,,S,oneidelogistica@hotmail.com,3.00,1,4.00,4.00,3.00,2.00,1,,,,AVENIDA ARY COELHO ,,5316.0,78746055,VILA BIRIGUI,1124,06634265920,,,,,,,90.0,,,,,,,,,,,,61383493000180,,,,,,1,,,,,,2,,,,065996650121,,,",",,,,3,,
20,ALGODÃO,2024-12-02 07:44:40.801,,S,4.0,N,1,0.14,U,RUA COLONIZADOR ENIO PIPINO ,5227.0,78700000,06634265920,,bomfrete@bomfrete.com.br,,,,ALGODÃO (R),S,oneidelogistica@hotmail.com,100.0,24073150000193,136136990,emonitor.intersite.com.br:/sistemas/emonitor/bd/emonitor.fdb,1,4.00,oneidelogistica@hotmail.com,oneidelogistica@hotmail.com,,TOKIO MARINE SEGUROS ,0123456789,4,4,0,,,4.00,4421,GABRIEL,2022-03-15 15:32:01.820000,THIAGO,3.0,5.0,,,,INDUSTRIAL,5.0,5.0,0.0,5.0,5.0,5.0,,,S,oneidelogistica@hotmail.com,3.00,1,4.00,4.00,3.00,2.00,1,,,,ARY COELHO ,,5316.0,78746055,VILA BIRIGUI ,1124,06634265920,,,,,,,100.0,,,,,,,,,,,,61383493000180,,,,,,1,,,,,,,,,,,,,",",,,,,,
60,SINOP -  MT 01,2024-11-18 15:12:00.514,,S,18.0,N,1,0.14,U,RUA JOÃO PEDRO MOREIRA DE CARVALHO,5227.0,78559899,06634265920,,bomfrete@bomfrete.com.br,,SALA 221 POSTO TREVÃO,,SINOP,S,oneidelogistica@hotmail.com,70.0,24073150000193,136136990,emonitor.intersite.com.br:/sistemas/emonitor/bd/emonitor.fdb,1,4.00,oneidelogistica@hotmail.com,oneidelogistica@hotmail.com,,TOKIO MARINE SEGUROS ,0123456789,4,4,0,,,4.00,11164,NATHALYA,2024-10-25 10:18:05.145000,LUCASKP,3.0,5.0,,,,INDUSTRIAL,5.0,5.0,0.0,5.0,5.0,5.0,5.0,,S,oneidelogistica@hotmail.com,3.00,1,4.00,4.00,3.00,2.00,1,,,,ARY COELHO ,,5316.0,78746055,VILA BIRIGUI ,1124,06634265920,,,,,S,,70.0,,,,,,,,,,,,61383493000180,,,,,,1,,,,,,,,,,,,,",",,,,,S,
67,AGUA BOA - MT 01,2024-11-18 15:56:15.804,,S,18.0,N,1,0.0,1,RODOVIA MT 240 KM 44,5248.0,78635000,0664265920,06634265904,aguaboa@bomfrete.com.br,,SALA 14 POSTO MARTINÃO,,AGUA BOA,S,oneidelogistica@hotmail.com,,23073150000193,136136990,emonitor.intersite.com.br:/sistemas/emonitor/bd/emonitor.fdb,1,4.00,oneidelogistica@hotmail.com,oneidelogistica@hotmail.com,,TOKIO MARINE SEGUROS ,0123456789,4,4,0,,,4.00,SN,ELIANE,2024-10-25 11:01:40.744000,LUCASKP,,5.0,,,,SETOR INDUSTRIAL II,5.0,5.0,0.0,5.0,5.0,5.0,5.0,,S,oneidelogistica@hotmail.com,3.00,1,4.00,4.00,3.00,2.00,1,,,,,,,,,,,,,,,S,,,,,,,,,,,,,,61383493000180,,,,,,1,,,,,,,,,,,,,",",,,,,S,
45,GERONIMO CIRINO - PRIMAVERA DO LESTE - MT,2024-11-18 15:57:25.540,,S,10.0,N,1,0.0,U,ROD BR 070,5299.0,78850000,06634265920,,bomfrete@bomfrete.com.br,,POSTO ALVORADA,,,S,oneidelogistica@hotmail.com,,24073150000193,136136990,emonitor.intersite.com.br:/sistemas/emonitor/bd/emonitor.fdb,1,4.00,oneidelogistica@hotmail.com,oneidelogistica@hotmail.com,,TOKIO MARINE SEGUROS ,0123456789,4,4,0,,,4.00,SN,JESSICAM,2024-02-21 14:33:26.672000,LUCASKP,3.0,,,,,PARQUE INDUSTRIAL ,,,0.0,,,,,,,oneidelogistica@hotmail.com,3.00,1,4.00,4.00,3.00,2.00,1,,,,,,,,,,06634265920,,,,,,,,,,,,,,,,,,,61383493000180,,,,,,1,,,,,,,,,,,,,",",,,,3,,
22,INATIVO - VILHENA (ROGÉRIO),2024-12-13 15:33:15.490,,N,4.0,N,1,0.0,1,AVENIDA MARECHAL RONDON,45.0,76987832,,,bomfrete@bomfrete.com.br,,SALA 67,,VILHENA (R),S,oneidelogistica@hotmail.com,70.0,24073150000193,136136990,emonitor.intersite.com.br:/sistemas/emonitor/bd/emonitor.fdb,1,4.00,oneidelogistica@hotmail.com,oneidelogistica@hotmail.com,,TOKIO MARINE SEGUROS ,0123456789,4,4,0,,,4.00,7784,GABRIEL,2022-03-15 17:52:26.163000,NATHALYA,3.0,5.0,,,,TANCREDO NEVES,5.0,5.0,0.0,5.0,5.0,5.0,5.0,,S,oneidelogistica@hotmail.com,3.00,1,4.00,4.00,3.00,2.00,1,,,,AVENIDA MARECHAL RONDON,SALA 67,45.0,76987832,TANCREDO NEVES,7784,06634265920,,,3520203,,,,70.0,,4930201,1,NOTA DE SERVIÇO,,NFS,1,5316.0,,,,61383493000180,,,,,,1,,,,,,,,,,066996402005,1,,",",,,,,,
58,MATUPA - MT 01,2024-12-13 15:37:01.896,,S,18.0,N,1,0.0,U,RUA 01 LT 01 QD 01,5195.0,78525000,06634265920,,bomfrete@bomfrete.com.br,,SALA 28 POSTO MIRIAN VII,,MATUPA ,S,oneidelogistica@hotmail.com,70.0,24073150000193,136136990,emonitor.intersite.com.br:/sistemas/emonitor/bd/emonitor.fdb,1,4.00,oneidelogistica@hotmail.com,oneidelogistica@hotmail.com,,TOKIO MARINE SEGUROS ,0123456789,4,4,0,,,4.00,SN,NATHALYA,2024-10-25 09:41:30.732000,NATHALYA,3.0,5.0,,,,ZONA INDUSTRIAL,5.0,5.0,0.0,5.0,5.0,5.0,5.0,,S,oneidelogistica@hotmail.com,3.00,1,4.00,4.00,3.00,2.00,1,,,,AVENIDA ARY COELHO,,5316.0,78700000,VILA BIRIGUI,,06634265920,,,,,S,,70.0,,,,,,,,,,,,61383493000180,,,,,,1,,,,,,,,,,,1,,",",,,,3,S,
56,LUCAS DO RIO VERDE - MT 01,2024-12-13 15:37:12.219,,S,18.0,N,1,0.14,U,AVENIDA DA PRODUÇÃO,5214.0,78700000,06634265920,,bomfrete@bomfrete.com.br,,SALA 08 POSTO SABIA,,LRV (R),S,oneidelogistica@hotmail.com,75.0,26073150000193,136136990,emonitor.intersite.com.br:/sistemas/emonitor/bd/emonitor.fdb,1,4.00,oneidelogistica@hotmail.com,oneidelogistica@hotmail.com,,TOKIO MARINE SEGUROS ,0123456789,4,4,0,,,4.00,1510,NATHALYA,2024-10-25 09:21:27.515000,NATHALYA,3.0,5.0,,,,,5.0,5.0,0.0,5.0,5.0,5.0,5.0,,S,oneidelogistica@hotmail.com,3.00,1,4.00,4.00,3.00,2.00,1,,,,AVENDIA ARY COELHO ,,5316.0,78700000,VILA BIRIGUI,SN,06634265920,,,,,,,75.0,,,,,,,,,,,,61383493000180,,,,,,1,,,,,,,,,,,1,,",",,,,,S,
7,INATIVO  - SINOP  - MT (ROGÉRIO),2024-12-13 15:37:27.085,,N,4.0,N,1,0.14,U,RUA COLONIZADOR ENIO PIPINO ,5227.0,78700000,06634265920,,bomfrete@bomfrete.com.br,,,,SINOP (R),S,oneidelogistica@hotmail.com,70.0,24073150000193,136136990,emonitor.intersite.com.br:/sistemas/emonitor/bd/emonitor.fdb,1,4.00,oneidelogistica@hotmail.com,oneidelogistica@hotmail.com,,TOKIO MARINE SEGUROS ,0123456789,4,4,0,,,4.00,4421,THIAGO,2021-02-16 14:40:38.548000,NATHALYA,3.0,5.0,,,,INDUSTRIAL,5.0,5.0,0.0,5.0,5.0,5.0,5.0,,S,oneidelogistica@hotmail.com,3.00,1,4.00,4.00,3.00,2.00,1,,,,ARY COELHO ,,5316.0,78746055,VILA BIRIGUI ,1124,06634265920,,,,,,,70.0,,,,,,,,,,,,61383493000180,,,,,,1,,,,,,2,,,,,,,",",,,,,,
10,INATIVO - RONDONOPOLIS - MT (ROGÉRIO),2024-12-13 15:37:41.927,,N,4.0,N,1,0.14,U,BR 163 KM 119,5316.0,78700000,06634265920,,bomfrete@bomfrete.com.br,,RENATO VETORASSO,,ROO (R),S,oneidelogistica@hotmail.com,85.0,24073150000193,1361336990,emonitor.intersite.com.br:/sistemas/emonitor/bd/emonitor.fdb,1,4.00,oneidelogistica@hotmail.com,oneidelogistica@hotmail.com,,TOKIO MARINE SEGUROS ,0123456789,4,4,0,,,4.00,SN,THIAGO,2021-02-16 18:42:23.393000,NATHALYA,3.0,5.0,,,,DISTRITO INDUSTRIAL ,5.0,5.0,0.0,5.0,5.0,5.0,5.0,,S,oneidelogistica@hotmail.com,3.00,1,4.00,4.00,3.00,2.00,1,,,,AVENIDA ARY COELHO ,,5316.0,78700000,VILA BIRIGUI,SN,06634265920,,,,,,,85.0,,,,,,,,,,,,61383493000180,,,,,,1,,,,,,"2,1",,,,,1,,",",,,,3,,
49,ANÁPOLIS - GO (ONEIDE),2024-10-03 17:29:35.087,,N,18.0,N,16,0.098,U,"BR 153,KM 103",5392.0,75136150,06634265920,,anapolis@bomfrete.com.br,,POSTO PRESIDENTE ,,,S,oneidelogistica@hotmail.com,,24073150000789,ISENTO,emonitor.intersite.com.br:/sistemas/emonitor/bd/emonitor.fdb,1,4.00,oneidelogistica@hotmail.com,oneidelogistica@hotmail.com,,TOKIO MARINE SEGUROS ,0123456789,4,4,0,,,4.00,6845,JESSICAM,2024-05-08 15:54:56.957000,RENATA,3.0,,,,,ZONA URBANA,,,0.0,,,,,,,,3.00,1,4.00,4.00,,2.00,,,,,"BR 153,KM 103",POSTO PRESIDENTE ,5392.0,75136150,ZONA URBANA,6845,06634265920,06634265920,,,,,,,,,,,,,,,,,,61383493000180,,,,,,1,,,,,,,,,,,,,",",,,,3,,
13,INATIVO - CUIABA - MT (ROGÉRIO),2024-12-13 15:38:35.851,,N,4.0,N,1,0.14,NFS,AVENIDA AIRTON SENNA,5290.0,78098970,06634265920,,bomfrete@bomfrete.com.br,,,,CUIABA (R),S,oneidelogistica@hotmail.com,70.0,24073150000193,136136990,emonitor.intersite.com.br:/sistemas/emonitor/bd/emonitor.fdb,1,4.00,oneidelogistica@hotmail.com,oneidelogistica@hotmail.com,,TOKIO MARINE SEGUROS ,0123456789,4,4,0,,,4.00,SN,THIAGO,2021-02-26 13:37:20.582000,NATHALYA,3.0,10.0,,,,JARDIM INDUSTRIARIO,10.0,10.0,0.0,10.0,10.0,10.0,10.0,,S,oneidelogistica@hotmail.com,3.00,1,4.00,4.00,3.00,2.00,1,,,,AVENIDA AIRTON SENNA,,5290.0,,JARDIM INDUSTRIARIO ,,06634265920,,,3520203,,,,70.0,,4930201,1,NOTA DE SERVIÇO,,NFS,1,5316.0,,,,61383493000180,,,,,,1,,,,,,,,,,,1,,",",,,,,,
21,INATIVO - CAMPO NOVO  DO PARECIS - MT( ROGÉRIO ),2024-12-13 15:38:54.517,,N,4.0,N,1,0.0,U,AVENIDA OLACYR FRANCISCO DE MORAES ,5201.0,78360000,06634265920,06634265920,camponovodoparecis@bomfrete.com.br,,ANEXO AO POSTO 10,,CNP (R),S,oneidelogistica@hotmail.com,70.0,24073150000193,136136990,emonitor.intersite.com.br:/sistemas/emonitor/bd/emonitor.fdb,1,4.00,oneidelogistica@hotmail.com,oneidelogistica@hotmail.com,,TOKIO MARINE SEGUROS ,0123456789,4,4,0,,,4.00,169,GABRIEL,2022-03-15 15:36:18.366000,NATHALYA,3.0,5.0,,,,SETOR INDUSTRIAL ,5.0,5.0,0.0,5.0,5.0,5.0,,,S,oneidelogistica@hotmail.com,3.00,1,4.00,4.00,3.00,2.00,1,,,,AVENIDA OLACYR FRANCISCO DE MORAES ,,,,,169,06634265920,06634265920,,,,,,70.0,,,,,,,,,,,,61383493000180,,,,,,1,,,,,,,,,,065998018934,,,",",,,,,,
65,DIAMANTINO - MT 01,2024-11-18 15:36:13.396,,S,18.0,N,1,0.0,U,RODOVIA SENADOR ROBERTO CAMPOS KM 05,5204.0,78400000,,,bomfrete@bomfrete.com.br,,POSTO TREVÃO ,,DIAMANTINO 01 ,S,oneidelogistica@hotmail.com,70.0,24073150000193,136136990,emonitor.intersite.com.br:/sistemas/emonitor/bd/emonitor.fdb,1,4.00,oneidelogistica@hotmail.com,oneidelogistica@hotmail.com,,TOKIO MARINE SEGUROS ,0123456789,4,4,0,,,4.00,SN,ANAPAULAS,2024-10-25 10:42:14.568000,LUCASKP,3.0,5.0,,,,ZONA INDUSTRIAL,5.0,5.0,0.0,5.0,5.0,5.0,5.0,,S,oneidelogistica@hotmail.com,3.00,1,4.00,4.00,3.00,2.00,1,,,,,,,,,,,,,,,,,70.0,,,,,,,,,,,,61383493000180,,,,,,1,,,,,,,,,,,1,,",",,,,,,
12,RONDONÓPOLIS - MT (HELTON),2024-11-27 15:55:41.824,,S,11.0,N,1,,U,AVENIDA ARY COELHO ,5316.0,78705050,06634265920,,bomfrete@bomfrete.com.br,,VILA BIRIGUI,,HELTON,S,oneidelogistica@hotmail.com,70.0,24073150000193,136136990,emonitor.intersite.com.br:/sistemas/emonitor/bd/emonitor.fdb,1,4.00,oneidelogistica@hotmail.com,oneidelogistica@hotmail.com,,TOKIO MARINE SEGUROS ,0123456789,4,4,0,,,4.00,1124,THIAGO,2021-02-16 18:58:57.145000,JESSICAM,3.0,,,,,VILA BIRIGUI ,,,0.0,,,,,,S,oneidelogistica@hotmail.com,3.00,1,4.00,4.00,3.00,2.00,1,,,,AVENIDA ARY COELHO ,,5316.0,78700000,VILA BIRIGUI ,SN,06634265920,,,,,,,70.0,,,,,,,,,,,,61383493000180,,,,,,1,,,,,,2,,,,,1,,",",,,,3,,
25,INATIVO - CUIABA - MT  - GABRIEL,2024-11-08 15:17:58.112,,N,8.0,S,1,0.0,U,AVENIDA AIRTON SENNA ,5290.0,78098970,06634265920,,bomfrete@bomfrete.com.br,,KM 397,,CUIABA (G),N,oneidelogistica@hotmail.com,70.0,24073150000193,136136990,emonitor.intersite.com.br:/sistemas/emonitor/bd/emonitor.fdb,1,4.00,oneidelogistica@hotmail.com,oneidelogistica@hotmail.com,,SOMPO SEGUROS,0123456789,4,4,0,,,4.00,SN,GABRIEL,2022-04-14 08:52:17.149000,NATHALYA,3.0,,,,,JARDIM INDUSTRIARIO ,,,0.0,,,,,,N,oneidelogistica@hotmail.com,3.00,1,4.00,4.00,3.00,2.00,1,,,,AVENIDA ARY COELHO ,,5316.0,78746055,VILA BIRIGUI,1124,06634265920,,,,,,,70.0,,,,,,,,,,,,61383493000180,,,,,,1,,,,,,2,,,,065996650121,,,",",,,,3,,
1,INATIVO - RONDONOPOLIS - MT (MATRIZ) ,2024-11-13 14:25:50.354,,N,12.0,S,1,,U,AVENIDA ARY COELHO ,5316.0,78705050,06634265920,,bomfrete@bomfrete.com.br,,,,MATRIZ,S,oneidelogistica@hotmail.com,70.0,24073150000193,136136990,emonitor.intersite.com.br:/sistemas/emonitor/bd/emonitor.fdb,1,4.00,oneidelogistica@hotmail.com,oneidelogistica@hotmail.com,,SOMPO SEGUROS,0123456789,4,,0,,,4.00,1124,S,2019-09-27 00:00:00.000000,ELIANE,1.0,7.0,,,,VILA BIRIGUI,7.0,7.0,,7.0,7.0,7.0,7.0,,S,oneidelogistica@hotmail.com,3.00,1,4.00,4.00,3.00,2.00,1,,,,AVENIDA ARY COELHO ,,5316.0,78705050,VILA BIRIGUI ,1124,06634265920,,,,,N,,70.0,,,,,,,1,,N,,,61383493000180,,,,,,1,,,,,,2,,,,,1,,",",,,,,,
47,ROGERIO PAULINO - QUÍMICO E DEFENSIVO ,2024-12-13 15:36:10.238,,S,17.0,N,1,0.0,U,AV. HISTORIADOR RUBENS DE MENDONÇA,5290.0,78050000,,,,,SALA 902 EMPIRE CENTER,,,S,oneidelogistica@hotmail.com,,24073150000193,136136990,emonitor.intersite.com.br:/sistemas/emonitor/bd/emonitor.fdb,1,4.00,oneidelogistica@hotmail.com,oneidelogistica@hotmail.com,,TOKIO MARINE SEGUROS ,0123456789,4,4,0,,,4.00,990,JESSICAM,2024-04-11 13:37:43.475000,NATHALYA,3.0,,,,,BOSQUE DA SAUDE,0.0,0.0,0.0,0.0,0.0,0.0,0.0,,S,oneidelogistica@hotmail.com,3.00,1,4.00,4.00,3.00,2.00,1,,,,,,,,,,,,,,,,,,,,,,,,,,,,,61383493000180,,,,,,1,,,,,,,,,,,1,,",",,,,3,,
46,LUIS EDUARDO MAGALHÃES - BA (FERNANDO ARAUJO GOMES),2024-12-13 15:37:07.105,,S,16.0,N,19,0.0,U,ROD BR 020 KM 206,2053.0,47850000,06634265920,06634265920,lem@bomfrete.com.br,,SALA 05 POSTO 20,,LEM,S,oneidelogistica@hotmail.com,70.0,24073150001165,203020724,emonitor.intersite.com.br:/sistemas/emonitor/bd/emonitor.fdb,1,4.00,oneidelogistica@hotmail.com,oneidelogistica@hotmail.com,,TOKIO MARINE SEGUROS ,0123456789,4,4,0,,,4.00,SN,THIAGO,2024-02-26 16:50:05.934000,NATHALYA,3.0,,,,,CAMINHO DAS ARVORES,,,0.0,,,,,,S,oneidelogistica@hotmail.com,3.00,1,4.00,4.00,3.00,2.00,1,,,,AVENIDA TANCREDO NEVES ,EDIF GUIMARAES TRAD SALA 1603,2053.0,41820020,CAMINHO DAS ARVORES,1189,06634265920,06634265920,,,,,,70.0,,,,,,,,,,,,61383493000180,,,,,,1,,,,,,,,,,,1,,",",,,,3,,
33,INATIVO - QUERENCIA - MT (ROGÉRIO),2024-12-13 15:37:52.317,,N,4.0,N,1,0.0,U,AV. SUL,5254.0,78643-00,,,bomfrete@bomfrete.com.br,,ANEXO AO POSTO MAB,,QUERENCIA (R),S,faturamento@bomfrete.com.br,80.0,24073150000193,136136990,emonitor.intersite.com.br:/sistemas/emonitor/bd/emonitor.fdb,1,4.00,faturamento@bomfrete.com.br,faturamento@bomfrete.com.br,,SOMPO SEGUROS,0123456789,4,4,0,,,4.00,1600 ,JESSICAM,2023-01-24 17:35:36.133000,NATHALYA,3.0,5.0,,,,SETOR E ,5.0,5.0,0.0,5.0,5.0,5.0,,,S,oneidelogistica@hotmail.com,3.00,1,4.00,4.00,3.00,2.00,1,,,,,,,,,,,,,,,,,80.0,,,,,,,,,,,,61383493000180,,,,,,1,,,,,,,,,,,,,",",,,,,,
36,INATIVO - PRIMAVERA DO LESTE - MT ( ROGÉRIO),2024-12-13 15:37:56.903,,N,4.0,N,1,0.0,U,RUA DO COMERCIO ,5299.0,,,,oneide@bomfrete.com.br,,ANEXO AO POSTO ALVORADA ,,,S,faturamento@bomfrete.com.br,,24073150000193,136136990,emonitor.intersite.com.br:/sistemas/emonitor/bd/emonitor.fdb,1,4.00,faturamento@bomfrete.com.br,faturamento@bomfrete.com.br,,TOKIO MARINE SEGUROS ,0123456789,4,4,0,,,4.00,4201,JESSICAM,2023-01-31 13:59:32.530000,NATHALYA,3.0,5.0,,,,PARQUE INDUSTRIAL ,5.0,5.0,0.0,5.0,5.0,5.0,,,S,oneidelogistica@hotmail.com,3.00,1,4.00,4.00,3.00,2.00,1,,,,,,,,,,,,,,,,,,,,,,,,,,,,,61383493000180,,,,,,1,,,,,,,,,,,1,,",",,,,,,
9,INATIVO NOVA MUTUM - MT (ROGÉRIO),2024-12-13 15:38:11.010,,N,4.0,N,1,0.0,U,AVENIDA PERIMETRAL DAS SAMAMBAIAS ,5216.0,78700000,06634265920,,bomfrete@bomfrete.com.br,,,,NOVA MUTUM (R),S,oneidelogistica@hotmail.com,70.0,24073150000193,136136990,emonitor.intersite.com.br:/sistemas/emonitor/bd/emonitor.fdb,1,4.00,oneidelogistica@hotmail.com,oneidelogistica@hotmail.com,,TOKIO MARINE SEGUROS ,0123456789,4,4,0,,,4.00,1680,THIAGO,2021-02-16 15:25:08.598000,NATHALYA,3.0,5.0,,,,CENTRO,5.0,5.0,0.0,5.0,5.0,5.0,,,S,oneidelogistica@hotmail.com,3.00,1,4.00,4.00,3.00,2.00,1,,,,AVENIDA ARY COELHO ,,5316.0,78700000,VILA BIRIGUI ,1124,06634265920,,,,,,,70.0,,,,,,,,,,,,61383493000180,,,,,,1,,,,,,2,,,,,1,,",",,,,3,,
70,VILHENA - RO 01,2024-12-16 08:26:27.419,,S,18.0,N,1,0.0,1,AVENIDA MARECHAL RONDON,45.0,76987832,,,bomfrete@bomfrete.com.br,,SALA 67 POSTO MIRIAN,,VILHENA 01,S,oneidelogistica@hotmail.com,70.0,24073150000193,136136990,emonitor.intersite.com.br:/sistemas/emonitor/bd/emonitor.fdb,1,4.00,oneidelogistica@hotmail.com,oneidelogistica@hotmail.com,,TOKIO MARINE SEGUROS ,0123456789,4,4,0,,,4.00,7784,ANAPAULAS,2024-10-25 11:18:00.598000,JESSICAM,3.0,5.0,,,,PARQUE INDUSTRIAL,5.0,5.0,0.0,5.0,5.0,5.0,5.0,,S,oneidelogistica@hotmail.com,3.00,1,4.00,4.00,3.00,2.00,1,,,,AVENIDA MARECHAL RONDON,SALA 67,45.0,76987832,TANCREDO NEVES,7784,06634265920,,,3520203,,,,70.0,,,,,,,,,,,,61383493000180,,,,,,1,,,,,,,,,,066996402005,1,,",",,,,,,
63,SORRISO - MT 01,2024-11-18 14:48:24.415,,S,18.0,S,1,0.14,U,"ROD BR 163 KM 739, SETOR INDUSTRIAL",5219.0,78890000,06634265920,,bomfrete@bomfrete.com.br,,BLOCO B SALA 03 POSTO REDENTOR,,SORRISO,S,oneidelogistica@hotmail.com,70.0,24073150000193,136136990,emonitor.intersite.com.br:/sistemas/emonitor/bd/emonitor.fdb,1,4.00,oneidelogistica@hotmail.com,oneidelogistica@hotmail.com,,TOKIO MARINE SEGUROS ,0123456789,4,4,0,,,4.00,SN,NATHALYA,2024-10-25 10:37:16.935000,LUCASKP,3.0,5.0,,,,ZONA RURAL,5.0,5.0,0.0,5.0,5.0,5.0,5.0,,S,oneidelogistica@hotmail.com,3.00,1,4.00,4.00,3.00,2.00,1,,,,AVENIDA ARY COELHO ,,5316.0,78746055,VILA BIRIGUI,1124,06634265920,,,,,S,,70.0,,,,,,,,,,,,61383493000180,,,,,,1,,,,,,,,,,,1,,",",,,,,S,
68,SAPEZAL - MT 01 ,2024-11-18 15:28:49.642,,S,18.0,S,1,0.14,U,AVENIDA PREFEITO ANDRE ANTONIO MAGGI,5205.0,78385000,06634265920,,bomfrete@bomfrete.com.br,,SALA 14 POSTO GUARÁ,,SAPEZAL  01,S,oneidelogistica@hotmail.com,70.0,24073150000193,136136990,emonitor.intersite.com.br:/sistemas/emonitor/bd/emonitor.fdb,1,4.00,oneidelogistica@hotmail.com,oneidelogistica@hotmail.com,,TOKIO MARINE SEGUROS ,0123456789,4,4,0,,,4.00,789,ANAPAULAS,2024-10-25 11:02:14.042000,LUCASKP,3.0,5.0,,,,9PARQUE INDUSTRIAL,5.0,5.0,0.0,5.0,5.0,5.0,5.0,,S,oneidelogistica@hotmail.com,3.00,1,4.00,4.00,3.00,2.00,1,,,,AVENDIA ARY COELHO ,,5316.0,78700000,VILA BIRIGUI,SN,06634265920,,,,,,,70.0,,,,,,,,,,,,61383493000180,,,,,,1,,,,,,,,,,,1,,",",,,,,,
72,UBERABA - MG 01,2024-11-18 15:33:09.887,,S,18.0,N,18,0.0,8,AVENIDA FILOMENA CARTAFINA ,2481.0,38040450,06634265920,,bomfrete@bomfrete.com.br,,SALA 23 POSTO 50TÃO,,UBERABA,S,oneidelogistica@hotmail.com,70.0,24073150000940,0043646960019,emonitor.intersite.com.br:/sistemas/emonitor/bd/emonitor.fdb,1,4.00,oneidelogistica@hotmail.com,oneidelogistica@hotmail.com,,TOKIO MARINE SEGUROS ,0123456789,4,4,0,,,4.00,22032,NATHALYA,2024-10-25 13:47:03.910000,LUCASKP,3.0,5.0,,,,DISTRITO INDUSTRIAL,5.0,5.0,0.0,5.0,5.0,5.0,5.0,,S,bomfrete@bomfrete.com.br,3.00,1,4.00,4.00,3.00,2.00,1,,,,RUA MENELICK DE CARVALHO ,,2481.0,,BOA VISTA ,SN,06634265920,,,,,,,70.0,,,,,,,,,,,,61383493000180,,,,,,1,,,,,,,,,,,1,,",",,,,,S,
27,INATIVO - RIBEIRAO PRETO - SP  (ROGÉRIO),2024-11-06 14:06:54.009,,N,4.0,N,1,0.07,U,RUA 19 DE NOVEMBRO ,5316.0,,,,bomfrete@bomfrete.com.br,,,,RP (R),S,oneidelogistica@hotmail.com,75.0,24073150000193,136136990,emonitor.intersite.com.br:/sistemas/emonitor/bd/emonitor.fdb,1,4.00,oneidelogistica@hotmail.com,oneidelogistica@hotmail.com,,SOMPO SEGUROS,10101010101,4,4,0,,,4.00,SN,GABRIEL,2022-04-29 09:57:03.682000,NATHALYA,3.0,7.0,,,,VILA BIRIGUI,7.0,7.0,0.0,7.0,7.0,7.0,7.0,,S,oneidelogistica@hotmail.com,3.00,1,4.00,4.00,3.00,2.00,1,,,,RUA 19 DE NOVEMBRO,,,,VILA BIRIGUI,,,,,,,,,75.0,,,,,,,,,,,,61383493000180,,,,,,1,,,,,,,,,,018997076000,1,,",",,,,,,
64,CONFRESA - MT 01,2024-11-18 15:45:14.630,,S,18.0,N,1,0.0,1,ROD BR 158 ,5237.0,78640000,06634265920,06634265920,bomfrete@bomfrete.ocm.br,,POSTO NOGUEIRA,,CONFRESA,S,oneidelogistica@hotmail.com,,24073150000193,136136990,emonitor.intersite.com.br:/sistemas/emonitor/bd/emonitor.fdb,1,4.00,oneidelogistica@hotmail.com,oneidelogistica@hotmail.com,,TOKIO MARINE SEGUROS ,0123456789,4,4,0,,,4.00,SN,ELIANE,2024-10-25 10:37:36.358000,LUCASKP,3.0,5.0,,,,SETOR INDUSTRIAL,5.0,5.0,0.0,5.0,5.0,5.0,5.0,,S,oneidelogistica@hotmail.com,3.00,1,4.00,4.00,3.00,2.00,1,,,,,,,,,,,,,,,S,,,,,,,,,,,,,,61383493000180,,,,,,1,,,,,,,,,,,1,,",",,,,,S,
39,INATIVO - CUIABA - MT FG (ROGÉRIO),2024-11-08 15:18:02.947,,N,4.0,N,1,0.14,U,AVENIDA AIRTON SENNA,5290.0,78098970,06634265920,,bomfrete@bomfrete.com.br,,,,CUIABA  FG,S,oneidelogistica@hotmail.com,70.0,24073150000193,136136990,emonitor.intersite.com.br:/sistemas/emonitor/bd/emonitor.fdb,1,4.00,oneidelogistica@hotmail.com,oneidelogistica@hotmail.com,,TOKIO MARINE SEGUROS ,0123456789,4,4,0,,,4.00,SN,S,2023-06-23 16:21:49.736000,NATHALYA,3.0,5.0,,,,JARDIM INDUSTRIARIO,5.0,5.0,0.0,5.0,5.0,5.0,,,S,oneidelogistica@hotmail.com,3.00,1,4.00,4.00,3.00,2.00,1,,,,AVENIDA AIRTON SENNA,,5290.0,78098970,JARDIM INDUSTRIARIO,SN,06634265920,,,3520203,,,,70.0,,,,,,,,,,,Unidade para carregamento de Farelo e Graos,61383493000180,,,,,,1,,,,,,,,,,,1,,",",,,,,,
69,ANÁPOLIS - GO 01,2024-11-18 15:55:01.322,,S,18.0,N,16,0.098,U,ROD BR-153 KM 103,5392.0,75136150,06634265920,06634265920,anapolis@bomfrete.com.br,,SALA 16 POSTO PRESIDENTE,,ANÁPOLIS,S,oneidelogistica@hotmail.com,70.0,24073150000789,ISENTO,emonitor.intersite.com.br:/sistemas/emonitor/bd/emonitor.fdb,1,4.00,oneidelogistica@hotmail.com,oneidelogistica@hotmail.com,,TOKIO MARINE SEGUROS ,0123456789,4,4,0,,,4.00,6845,NATHALYA,2024-10-25 11:07:15.205000,LUCASKP,3.0,5.0,,,,ZONA URBANA,5.0,5.0,0.0,5.0,5.0,5.0,5.0,,S,oneidelogistica@hotmail.com,3.00,1,4.00,4.00,3.00,2.00,1,,,,"BR 153,KM 103",POSTO PRESIDENTE ,5392.0,75136150,ZONA URBANA,6845,06634265920,06634265920,,,,S,,70.0,,,,,,,,,,,,61383493000180,,,,,,1,,,,,,,,,,062992970023,1,,",",,,,,S,
62,QUERENCIA - MT 01,2024-12-13 15:36:24.290,,S,18.0,N,1,0.0,U,ROD BR 242 LOTE 195-2,5254.0,78643000,,,bomfrete@bomfrete.com.br,,SALA 10 POSTO MAB II,,QUERENCIA,S,faturamento@bomfrete.com.br,80.0,24073150000193,136136990,emonitor.intersite.com.br:/sistemas/emonitor/bd/emonitor.fdb,1,4.00,faturamento@bomfrete.com.br,faturamento@bomfrete.com.br,,TOKIO MARINE SEGUROS,0123456789,4,4,0,,,4.00,SN,ELIANE,2024-10-25 10:20:15.079000,NATHALYA,3.0,5.0,,,,ZONA RURAL,5.0,5.0,0.0,5.0,5.0,5.0,5.0,,S,oneidelogistica@hotmail.com,3.00,1,4.00,4.00,3.00,2.00,1,,,,,,,,,,,,,,,N,,80.0,,,,,,,,,,,,61383493000180,,,,,,1,,,,,,,,,,,,,",",,,,,N,
51,PARANAGUÁ (IGOR),2024-12-13 15:36:46.500,,S,19.0,N,4,0.0,U,ROD BR 277 KM 05,4165.0,83215440,06634265920,,financeiro@bomfrete.com.br,,POSTO ALDO LOCATELLI,,PARANAGUÁ (I),S,oneidelogistica@hotmail.com,90.0,24073150000517,9090585204,emonitor.intersite.com.br:/sistemas/emonitor/bd/emonitor.fdb,1,4.00,oneidelogistica@hotmail.com,oneidelogistica@hotmail.com,,TOKIO MARINE SEGUROS ,0123456789,4,4,0,,,4.00,SN,RENATA,2024-09-06 08:39:44.195000,NATHALYA,3.0,,,,,ZONA RURAL,,,0.0,,,,,,S,oneidelogistica@hotmail.com,3.00,1,4.00,4.00,3.00,2.00,1,,,,RUA PARANA,,4165.0,,CENTRO,,,,,,,S,,90.0,,,,,,,,,,,,61383493000180,,,,,,1,,,,,,,,,,,1,,",",,,,3,S,
23,INATIVO - SAPEZAL - MT (ROGERIO),2024-12-13 15:37:32.782,,N,4.0,S,1,0.14,1,AVENIDA PREFEITO ANDRE ANTONIO MAGGI,5205.0,78385000,06634265920,,bomfrete@bomfrete.com.br,LUCIO,AG55,,SAPEZAL (R),S,oneidelogistica@hotmail.com,70.0,24073150000193,136136990,emonitor.intersite.com.br:/sistemas/emonitor/bd/emonitor.fdb,1,4.00,oneidelogistica@hotmail.com,oneidelogistica@hotmail.com,,TOKIO MARINE SEGUROS ,0123456789,4,4,0,,,4.00,1159,GABRIEL,2022-03-15 17:56:34.009000,NATHALYA,3.0,5.0,,,,CIDEZAL 2,5.0,5.0,0.0,5.0,5.0,5.0,,,S,oneidelogistica@hotmail.com,3.00,1,4.00,4.00,3.00,2.00,1,,,,AVENDIA ARY COELHO ,,5316.0,78700000,VILA BIRIGUI,SN,06634265920,,,,,,,70.0,,,,,,,,,,,,61383493000180,,,,,,1,,,,,,,,,,,,,",",,,,,,
8,INATIVO - MATUPA - MT (ROGÉRIO),2024-12-13 15:38:16.262,,N,4.0,N,1,0.0,U,RODOVIA BR 163 ,5195.0,78700000,06634265920,,bomfrete@bomfrete.com.br,,KM 1029,,MATUPA (R),S,oneidelogistica@hotmail.com,70.0,24073150000193,136136990,emonitor.intersite.com.br:/sistemas/emonitor/bd/emonitor.fdb,1,4.00,oneidelogistica@hotmail.com,oneidelogistica@hotmail.com,,TOKIO MARINE SEGUROS ,0123456789,4,4,0,,,4.00,SN,THIAGO,2021-02-16 14:54:13.290000,NATHALYA,3.0,5.0,,,,INDUSTRIAL,5.0,5.0,0.0,5.0,5.0,5.0,,,S,oneidelogistica@hotmail.com,3.00,1,4.00,4.00,3.00,2.00,1,,,,AVENIDA ARY COELHO,,5316.0,78700000,VILA BIRIGUI,,06634265920,,,,,,,70.0,,,,,,,,,,,,61383493000180,,,,,,1,,,,,,2,,,,,1,,",",,,,3,,
35,INATIVO - CONFRESA - MT ( ROGÉRIO ),2024-12-13 15:38:44.758,,N,4.0,N,1,0.0,1,"RODOVIA BR 158, KM 158 ",5237.0,,06634265920,06634265920,confresa@bomfrete.com.br,,SAIDA PARA PORTO ALEGRE DO NORTE ANEXO AO POSTO ARAUNA,,,S,oneidelogistica@hotmail.com,,24073150000193,136136990,emonitor.intersite.com.br:/sistemas/emonitor/bd/emonitor.fdb,1,4.00,oneidelogistica@hotmail.com,oneidelogistica@hotmail.com,,TOKIO MARINE SEGUROS ,0123456789,4,4,0,,,4.00,S/N,JESSICAM,2023-01-31 13:56:44.900000,NATHALYA,3.0,5.0,,,,SETOR INDUSTRIAL,5.0,5.0,0.0,5.0,5.0,5.0,,,S,oneidelogistica@hotmail.com,3.00,1,4.00,4.00,3.00,2.00,1,,,,,,,,,,,,,,,,,,,,,,,,,,,,,61383493000180,,,,,,1,,,,,,2,,,,,1,,",",,,,,,
38,INATIVO - ANÁPOLIS - GO (ROGÉRIO),2024-11-13 14:26:46.681,,N,4.0,N,16,0.098,U,"BR 153,KM 103",5392.0,75136150,06634265920,06634265920,anapolis@bomfrete.com.br,,POSTO PRESIDENTE ,,ANÁPOLIS (R),S,oneidelogistica@hotmail.com,70.0,24073150000789,ISENTO,emonitor.intersite.com.br:/sistemas/emonitor/bd/emonitor.fdb,1,4.00,oneidelogistica@hotmail.com,oneidelogistica@hotmail.com,,TOKIO MARINE SEGUROS ,0123456789,4,4,0,,,4.00,6845,THIAGO,2023-05-26 13:50:59.903000,ELIANE,3.0,5.0,,,,ZONA URBANA,5.0,5.0,0.0,5.0,5.0,5.0,,,S,oneidelogistica@hotmail.com,3.00,1,4.00,4.00,3.00,2.00,1,,,,"BR 153,KM 103",POSTO PRESIDENTE ,5392.0,75136150,ZONA URBANA,6845,06634265920,06634265920,,,,,,70.0,,,,,,,,,,,,61383493000180,,,,,,1,,,,,,,,,,062992970023,1,,",",,,,,,
2,INATIVO - SORRISO - MT (ROGÉRIO),2024-12-13 15:33:02.544,,N,4.0,S,1,0.14,1,RODOVIA BR 163,5219.0,78890000,06634265920,,bomfrete@bomfrete.com.br,CINTHIA ,SALA ANEXO AO POSTO REDENTOR ,,SORRISO (R),S,oneidelogistica@hotmail.com,70.0,24073150000193,136136990,emonitor.intersite.com.br:/sistemas/emonitor/bd/emonitor.fdb,1,4.00,oneidelogistica@hotmail.com,oneidelogistica@hotmail.com,,TOKIO MARINE SEGUROS ,0123456789,4,4,0,,,4.00,S/N°,PAULO,2020-05-04 15:23:02.825000,NATHALYA,3.0,,,,,ZONA RURAL,,,0.0,,,,,,S,oneidelogistica@hotmail.com,3.00,1,4.00,4.00,3.00,2.00,1,,,,AVENIDA ARY COELHO ,,5316.0,78746055,VILA BIRIGUI,1124,06634265920,,,,,,,70.0,,,,,,,,,,,,61383493000180,,,,,,1,,,,,,2,,,,,,,",",,,,,,
54,SORRISO - MT (TRANSBORDO) 01,2024-11-18 15:35:10.442,,S,18.0,S,1,0.14,1,AVENIDA PERIMETRAL SUDESTE,5219.0,78890000,06634265920,,bomfrete@bomfrete.com.br,,SALA 11 POSTO REDENTOR,,SORRISO  T,S,oneidelogistica@hotmail.com,75.0,24073150000193,136136990,emonitor.intersite.com.br:/sistemas/emonitor/bd/emonitor.fdb,1,4.00,oneidelogistica@hotmail.com,oneidelogistica@hotmail.com,,TOKIO MARINE SEGUROS ,0123456789,4,4,0,,,4.00,SN,ELIANE,2024-10-25 09:00:25.172000,LUCASKP,,5.0,,,,DISTRITO INDUSTRIAL,5.0,5.0,0.0,5.0,5.0,5.0,5.0,,S,oneidelogistica@hotmail.com,3.00,1,4.00,4.00,3.00,2.00,1,,,,AVENIDA ARY COELHO,,5316.0,,VILA BIRIGUI,1124,06634265920,,,,,S,,75.0,,,,,,,,,,,,61383493000180,,,,,,1,,,,,,,,,,,,,",",,,,,S,
71,CANARANA - MT 01,2024-11-18 15:43:26.499,,S,18.0,N,1,0.0,U,RODOVIA MT 20,5250.0,78640000,06634265920,06634265920,canarana@bomfrete.com.br,,POSTO NOGUEIRA,,,S,oneidelogistica@hotmail.com,,24073150000193,136136990,emonitor.intersite.com.br:/sistemas/emonitor/bd/emonitor.fdb,1,4.00,oneidelogistica@hotmail.comoneidelogistica@hotmail.com,oneidelogistica@hotmail.com,,TOKIO MARINE SEGUROS ,0123456789,4,4,0,,,4.00,S/N,ANAPAULAS,2024-10-25 13:44:12.306000,LUCASKP,3.0,5.0,,,,AGROVILA ,5.0,5.0,0.0,5.0,5.0,5.0,5.0,,S,oneidelogistica@hotmail.com,3.00,1,4.00,4.00,3.00,2.00,1,,,,,,,,,,06634265920,06634265920,,,,,,,,,,,,,,,,,,61383493000180,,,,,,1,,,,,,,,,,06634265920,1,,",",,,,,,
31,INATIVO - SORRISO - MT (TRANSBORDO),2024-11-12 09:50:30.697,,N,4.0,S,1,0.14,1,RODOVIA BR 163,5219.0,78890000,06634265920,,bomfrete@bomfrete.com.br,ANGELICA,SALA ANEXO AO POSTO REDENTOR ,,SORRISO (R) T,S,oneidelogistica@hotmail.com,75.0,24073150000193,136136990,emonitor.intersite.com.br:/sistemas/emonitor/bd/emonitor.fdb,1,4.00,oneidelogistica@hotmail.com,oneidelogistica@hotmail.com,,TOKIO MARINE SEGUROS ,0123456789,4,4,0,,,4.00,sn,S,2022-07-26 14:08:34.824000,ELIANE,3.0,,,,,ZONA RURAL,,,0.0,,,,,,S,oneidelogistica@hotmail.com,3.00,1,4.00,4.00,3.00,2.00,1,,,,AVENIDA ARY COELHO ,,5316.0,78746055,VILA BIRIGUI,1124,06634265920,,,,,,,75.0,,,,,,,,,N,,,61383493000180,,,,,,1,,,,,,,,,,,,,",",,,,,,
50,RIO VERDE - GO (BRUNO),2024-12-13 15:36:19.242,,S,18.0,S,16,0.0,U,A RODOVIA BR-060 KM 388,5497.0,75902261,06634265920,,oneidelogistica@hotmail.com,,SALA 145 POSTO CAMPESTRE,,,S,oneidelogistica@hotmail.com,,24073150000193,136136990,emonitor.intersite.com.br:/sistemas/emonitor/bd/emonitor.fdb,1,4.00,oneidelogistica@hotmail.com,oneidelogistica@hotmail.com,,TOKIO MARINE SEGUROS ,0123456789,4,4,0,,,4.00,SN,JESSICAM,2024-06-24 13:34:54.090000,NATHALYA,3.0,5.0,,,,– PERÍMETRO URBANO,5.0,5.0,0.0,5.0,5.0,5.0,0.0,,S,oneidelogistica@hotmail.com,3.00,1,4.00,4.00,3.00,2.00,1,,,,AVENIDA ARY COELHO ,,5316.0,,VILA BIRIGUI ,1124,06634265920,,,,,N,,,,,,,,,,,,,,61383493000180,,,,,,1,,,,,,,,,,,1,,",",,,,3,,
52,PARANAGUÁ (IGOR) 2,2024-12-13 15:36:41.416,,S,19.0,N,4,0.0,U,AV AYRTON SENNA DA SILVA,4165.0,83212090,06634265920,,financeiro@bomfrete.com.br,,O CUPIM,,PARANAGUÁ (II),S,oneidelogistica@hotmail.com,,24073150000517,9090585204,emonitor.intersite.com.br:/sistemas/emonitor/bd/emonitor.fdb,1,4.00,oneidelogistica@hotmail.com,oneidelogistica@hotmail.com,,TOKIO MARINE SEGUROS ,0123456789,4,4,0,,,4.00,6840,RENATA,2024-09-27 15:13:38.363000,NATHALYA,3.0,,,,,PQ SÃO JOÃO,0.0,0.0,0.0,0.0,0.0,0.0,0.0,,S,oneidelogistica@hotmail.com,3.00,1,4.00,4.00,3.00,2.00,1,,,,RUA PARANA,,4165.0,,CENTRO,,,,,,,S,,,,,,,,,,,,,,61383493000180,,,,,,1,,,,,,,,,,,1,,",",,,,3,S,
66,NOVA MUTUM - MT 01,2024-12-13 15:36:51.653,,S,18.0,N,1,0.0,U,ROD BR 163 KM 582,5216.0,78700000,06634265920,,bomfrete@bomfrete.com.br,,SALA 39T POSTO ÁGUIA BRANCA,,NOVA MUTUM,S,oneidelogistica@hotmail.com,70.0,24073150000193,136136990,emonitor.intersite.com.br:/sistemas/emonitor/bd/emonitor.fdb,1,4.00,oneidelogistica@hotmail.com,oneidelogistica@hotmail.com,,TOKIO MARINE SEGUROS ,0123456789,4,4,0,,,4.00,SN,NATHALYA,2024-10-25 10:49:39.079000,NATHALYA,3.0,5.0,,,,ZONA INDUSTRIAL SUL,5.0,5.0,0.0,5.0,5.0,5.0,5.0,,S,oneidelogistica@hotmail.com,3.00,1,4.00,4.00,3.00,2.00,1,,,,AVENIDA ARY COELHO ,,5316.0,78700000,VILA BIRIGUI ,1124,06634265920,,,,,S,,70.0,,,,,,,,,,,,61383493000180,,,,,,1,,,,,,,,,,,1,,",",,,,3,S,
28,INATIVO - UBERABA - MG  (ROGÉRIO),2024-12-13 15:33:10.985,,N,4.0,S,18,0.0,8,RUA MENELICK DE CARVALHO ,2481.0,78746055,06634265920,,bomfrete@bomfrete.com.br,,,,UBERABA (R),S,oneidelogistica@hotmail.com,70.0,24073150000940,0043646960019,emonitor.intersite.com.br:/sistemas/emonitor/bd/emonitor.fdb,1,4.00,oneidelogistica@hotmail.com,oneidelogistica@hotmail.com,,TOKIO MARINE SEGUROS ,0123456789,4,4,0,,,4.00,SN,GABRIEL,2022-04-29 10:04:40.391000,NATHALYA,3.0,5.0,,,,BOA VISTA ,5.0,5.0,0.0,5.0,5.0,5.0,5.0,,S,oneidelogistica@hotmail.com,3.00,1,4.00,4.00,3.00,2.00,1,,,,RUA MENELICK DE CARVALHO ,,2481.0,,BOA VISTA ,sn,06634265920,,,,,N,,70.0,,,,,,,,,N,,,61383493000180,,,,,,1,,,,,,,,,,,1,,",",,,,,,
