codviagem,data,codmotorista,codviagemws,tabela,chavetabela,status,datainiprev,datafimprev,dataini,datafim,localorigem,latorigem,lonorigem,localdestino,latdestino,londestino,mostrainternetcliente,valores,obs,obs2,usuarioins,usuarioalt,datains,dataalt,transportadora
1,2020-08-05 00:00:00.000,30,,,,0,2020-08-05 00:00:00.000,2020-08-05,2020-08-05,2020-08-05,"fazenda xxxx
",,,porto blblaallaalal,,,,"FRETE EMPRESA 10,00 POR TONELADA
FRETE MOTORISTA 7,00 POR TONELADA",DO ARMAZEM PRO PORTO,KKSKSKSKSKSK,PAULO,PAULO,2020-08-06 13:58:38.899,2020-08-06 13:59:26.167,TRANSBORDO
2,2020-11-03 13:24:51.710,673,,1.0,1245.0,0,2020-11-03 13:24:51.710,,,,"COABRA COOP AGRO IND DO CTO OESTE DO BRASIL/MT 03.739.175/0002-94
RONDONOPOLIS-MT CEP: 78745000
RODOVIA BR 163, KM 119, SALA 20,  2o ANDAR,0 PARQUE INDUSTRIAL VETORASSO
Fone: 06621283500 Compl: INDISPONIVEL
",0.0,0.0,"ADD TEX IMPORTADORA E EXPORTADORA LTDA 27.832.280/0001-50
SAO PAULO-SP CEP: 04222040
RUA CAPITAO MENDES FLORES,202 VILA INDEPENDENCIA
Fone: 01129147332 Compl: INDISPONIVEL
",0.0,0.0,N," Peso de saída: 29.320,00 PPT: 240,0000 Frete: 7.036,80
Mercadoria: ALGODÃO EM PLUMA Valor: 197.420,36 Tolerância Quebra: 0,2500
","
",,DANIEL,DANIEL,2020-11-03 13:32:25.794,2020-11-03 13:32:25.794,"BOM FRETE TRANSPORTES LTDA 24.073.150/0001-93
RONDONOPOLIS-MT CEP: 78746055
ROD BR- 163,S/N PARQUE INDUSTRIAL VETORASSO
Fone: 66996702000 EMail: oneidelogistica@hotmail.com
"
3,2020-11-16 20:46:36.206,779,,1.0,1461.0,0,2020-11-16 20:46:36.206,,,,"FERTILIZANTES TOCANTINS S.A 05.571.228/0013-99
PORTO VELHO-RO CEP: 76801870
ESTRADA DO BELMONT,8530 JARDIM NACIONAL
Fone: 06234146300 Compl: ANEXO CONTEINER
",0.0,0.0,"OSWALDO NICOLETTI JUNIOR 258.141.252-68
ITAPUA DO OESTE-RO CEP: 78937000
RODOVIA BR 364,S/N ZONA RURAL
Fone: 00000000000 Compl: KM 588
",0.0,0.0,N," Peso de saída: 500.000,00 PPT: 32,0000 Frete: 16.000,00
Mercadoria: KCL GR TOCANTINS 60 Valor: 104.796,84 Tolerância Quebra: 0,2500
","
",,LUIZ,LUIZ,2020-11-16 20:56:17.914,2020-11-16 20:56:17.914,"BOM FRETE TRANSPORTES LTDA 24.073.150/0001-93
RONDONOPOLIS-MT CEP: 78746055
ROD BR- 163,S/N PARQUE INDUSTRIAL VETORASSO
Fone: 66996702000 EMail: oneidelogistica@hotmail.com
"
4,2021-02-07 09:51:41.502,293,,1.0,2657.0,0,2021-02-07 09:51:41.502,,,,"CLAIDES LAZARETTI MASUTTI 203.740.702-53
CANDEIAS DO JAMARI-RO CEP: 76860000
EST LINHA 43 LT 76,SN ZONA RURAL
Fone: 06933214060 Compl: 
",0.0,0.0,"CIAGRAM PORTOS E NAVEGACOES DA AMAZONIA LTDA 02.900.972/0001-68
HUMAITA-AM CEP: 69800000
R I QUADRA E  LOTE 02,SN SETOR INDUSTRIAL
Fone: 09223346690 Compl: 
",0.0,0.0,N," Peso de saída: 37.640,00 PPT: 50,0000 Frete: 1.882,00
Mercadoria: SOJA EM GRÃOS  Valor: 54.578,00 Tolerância Quebra: 0,2500
","
",,LUIZ,LUIZ,2021-02-07 10:04:12.795,2021-02-07 10:04:12.780,"BOM FRETE TRANSPORTES LTDA 24.073.150/0001-93
RONDONOPOLIS-MT CEP: 78746055
AVENIDA ARY COELHO,1124 VILA BIRIGUI
Fone: 06696402005 EMail: oneidelogistica@hotmail.com
"
5,2021-03-10 14:11:59.334,1916,,1.0,3554.0,0,2021-03-10 14:11:59.334,,,,"ARMAZENS GERAIS DEBASTIANI LTDA 07.228.524/0001-83
FELIZ NATAL-MT CEP: 78885000
AVENIDA PERIMETRAL LESTE,SN CENTRO
Fone: 06635851120 Compl: 
",0.0,0.0,"TERLOGS TERMINAL MARITIMO LTDA 04.814.657/0001-43
SAO FRANCISCO DO SUL-SC CEP: 89240000
 AVENIDA ENGENHEIRO LEITE RIBEIRO ,470 CENTRO
Fone: 04734714400 Compl: 
",0.0,0.0,N," Peso de saída: 49.020,00 PPT: 335,0000 Frete: 16.421,70
Mercadoria: SOJA COMERCIAL Valor: 130.720,00 Tolerância Quebra: 0,2500
","
",,MAURO,MAURO,2021-03-15 10:23:47.430,2021-03-15 10:23:47.430,"BOM FRETE LOGISTICA E TRANSPORTES LTDA 24.073.150/0001-93
RONDONOPOLIS-MT CEP: 78705018
RUA DEZENOVE DE NOVEMBRO ,1377 VILA BIRIGUI
Fone: 06634265920 EMail: bomfrete@bomfrete.com.br
"
6,2021-04-06 07:21:27.128,2253,,1.0,4292.0,0,2021-04-06 07:21:27.128,,,,"NELMO PREUSSLER FAZENDA PONTE NOVA 198.282.769-68
PORTO VELHO-RO CEP: 76834899
RUA ALTO MADEIRA SETOR 02,SN ZONA RURAL
Fone: 06933222162 Compl: 
",0.0,0.0,"PIARARA INDUSTRIA DE ALIMENTOS LTDA 09.264.950/0001-06
CACOAL-RO CEP: 76960970
AVENIDA SÃO PAULO 2775,AC CACOAL,sn CENTRO
Fone: 01135353434 Compl: INDISPONIVEL
",0.0,0.0,N," Peso de saída: 37.500,00 PPT: 60,0000 Frete: 2.250,00
Mercadoria: ARROZ EM CASCA Valor: 28.125,00 Tolerância Quebra: 0,2500
","
",,THIAGO,THIAGO,2021-04-06 07:44:10.849,2021-04-06 07:44:10.833,"BOM FRETE LOGISTICA E TRANSPORTES LTDA 24.073.150/0001-93
RONDONOPOLIS-MT CEP: 78705018
RUA DEZENOVE DE NOVEMBRO ,1377 VILA BIRIGUI
Fone: 06634265920 EMail: bomfrete@bomfrete.com.br
"
7,2021-07-21 08:11:26.375,2402,,1.0,7520.0,0,2021-07-21 08:11:26.375,,,,"JBS S A 02.916.265/0280-99
CAMPO VERDE-MT CEP: 78840000
CAMPO VERDE,0 DISTRITO INDUSTRIAL III
Fone: 06634194080 Compl: 
",0.0,0.0,"SULINA COMERCIO DE OLEOS LTDA 02.507.334/0004-24
RONDONOPOLIS-MT CEP: 78721532
ANEL VIARIO CONRADO SALES BRITO,S/N RESIDENCIAL VILA MINEIRA
Fone: 06634269315 Compl: KM 1,8
",0.0,0.0,N," Peso de saída: 35.670,00 PPT: 79,0000 Frete: 2.817,93
Mercadoria: ACIDO GRAXO DESTILADO Valor: 34.956,60 Tolerância Quebra: 0,2500
","
",,JOAOVITOR,JOAOVITOR,2021-07-21 08:54:36.769,2021-07-21 08:54:36.753,"BOM FRETE LOGISTICA E TRANSPORTES LTDA 24.073.150/0001-93
RONDONOPOLIS-MT CEP: 78705018
RUA DEZENOVE DE NOVEMBRO ,1377 VILA BIRIGUI
Fone: 06634265920 EMail: bomfrete@bomfrete.com.br
"
8,2021-07-26 14:09:19.241,4147,,1.0,7769.0,0,2021-07-26 14:09:19.241,,,,"JOAO ANDRE LOPES GUERREIRO 033.196.139-36
CAMPO VERDE-MT CEP: 78840000
CAMPO VERDE,SN ZONA RURAL
Fone: 06634192620 Compl: 
",0.0,0.0,"COOPERATIVA AGROINDUSTRIAL ALFA 83.305.235/0023-24
QUILOMBO-SC CEP: 89850000
ROD SC 468,S/N SILO QUILOMBO
Fone: 00000000000 Compl: 
",0.0,0.0,N," Peso de saída: 49.580,00 PPT: 312,4384 Frete: 15.490,70
Mercadoria: MILHO GMO Valor: 93.821,89 Tolerância Quebra: 0,2500
","
",,JOAOVITOR,JOAOVITOR,2021-07-26 18:06:08.024,2021-07-26 18:06:08.008,"BOM FRETE LOGISTICA E TRANSPORTES LTDA 24.073.150/0001-93
RONDONOPOLIS-MT CEP: 78705018
RUA DEZENOVE DE NOVEMBRO ,1377 VILA BIRIGUI
Fone: 06634265920 EMail: bomfrete@bomfrete.com.br
"
9,2021-12-16 17:28:33.963,684,,1.0,14450.0,0,2021-12-16 17:28:33.963,,,,"ARMAZENS GERAIS VILA CARIOCA LTDA 02.335.993/0002-69
ARARAQUARA-SP CEP: 14808030
AV ODONTOLOGO EUCLIDES DA CUNHA,29 1 DISTR IND ALBERT GEORGES KAR
Fone:  Compl: 
",0.0,0.0,"NISSHINBO DO BRASIL INDUSTRIA TEXTIL LTDA 43.459.304/0002-05
ITAPETININGA-SP CEP: 18205720
AVENIDA NISSHIMBO DO BRASIL,- DE 1815/1816 AO FIM,2510 VILA CAMARÃO
Fone: 01132899255 Compl: 
",0.0,0.0,N," Peso de saída: 28.269,00 PPT: 70,0000 Frete: 1.978,83
Mercadoria: ALGODÃO EM PLUMA Valor: 441.799,52 Tolerância Quebra: 0,2500
","
",,WLEANDRO,WLEANDRO,2021-12-16 17:33:36.619,2021-12-16 17:33:36.619,"BOM FRETE LOGISTICA E TRANSPORTES LTDA 24.073.150/0002-74
SORRISO-MT CEP: 78894280
AVENIDA PERIMETRAL SUDOESTE ,8245 SÃO CRISTOVÃO 
Fone: 06634265920 EMail: bomfrete@bomfrete.com.br
"
10,2021-12-21 14:18:11.716,6297,,1.0,14714.0,0,2021-12-21 14:18:11.716,,,,"TEXTIL NORBERTO SIMIONATO S A 44.207.389/0001-16
ARARAS-SP CEP: 13600000
RUA MARIA SIMIONE SIMIONATO,210 LORETO
Fone: 01935413477 Compl: INDISPONIVEL
",0.0,0.0,"COOPERBRAC COOP. AGR. DO BRASIL CENTRAL 15.759.617/0003-24
SAO PAULO-SP CEP: 04220001
AVENIDA PRESIDENTE WILSON,- DE 4153/4154 A 5651/56,4772 VILA INDEPENDENCIA
Fone: 01120636969 Compl: 
",0.0,0.0,N," Peso de saída: 32.540,00 PPT: 0,0000 Frete: 0,00
Mercadoria: ALGODAO EM PLUMA Valor: 0,00 Tolerância Quebra: 0,2500
","
",,CLOVIS,CLOVIS,2021-12-22 09:05:47.636,2021-12-22 09:05:47.627,"BOM FRETE LOGISTICA E TRANSPORTES LTDA 24.073.150/0001-93
RONDONOPOLIS-MT CEP: 78705018
RUA DEZENOVE DE NOVEMBRO ,1377 VILA BIRIGUI
Fone: 06634265920 EMail: bomfrete@bomfrete.com.br
"
11,2021-12-21 13:42:08.746,5655,,1.0,14709.0,0,2021-12-21 13:42:08.746,,,,"WALTER SCHLATER 397.272.549-34
CHAPADAO DO SUL-MS CEP: 75828000
BR 050 ROV.GO 050 KM 20 ESQ SN FAZ.SERRI,SN ZONA RURAL
Fone: 00000000000 Compl: 
",0.0,0.0,"COOPERBRAC COOP. AGR. DO BRASIL CENTRAL 15.759.617/0003-24
SAO PAULO-SP CEP: 04220001
AVENIDA PRESIDENTE WILSON,- DE 4153/4154 A 5651/56,4772 VILA INDEPENDENCIA
Fone: 01120636969 Compl: 
",0.0,0.0,N," Peso de saída: 14.760,00 PPT: 0,0000 Frete: 0,00
Mercadoria: ALGODÃO EM PLUMA Valor: 0,00 Tolerância Quebra: 0,2500
","
",,CLOVIS,CLOVIS,2021-12-22 09:08:59.207,2021-12-22 09:08:59.195,"BOM FRETE LOGISTICA E TRANSPORTES LTDA 24.073.150/0001-93
RONDONOPOLIS-MT CEP: 78705018
RUA DEZENOVE DE NOVEMBRO ,1377 VILA BIRIGUI
Fone: 06634265920 EMail: bomfrete@bomfrete.com.br
"
12,2022-01-31 17:32:15.388,8103,,1.0,16361.0,0,2022-01-31 17:32:15.388,,,,"SCHEFFER E CIA LTDA - FAZENDA TRES LAGOAS 04.733.767/0018-29
SAPEZAL-MT CEP: 78365000
RODOVIA MT 388 KM 35+4 KM, DIREITA,SN ZONA RURAL
Fone: 06530460710 Compl: 
",0.0,0.0,"DUAL DUARTE ALBUQUERQUE COMERCIO E INDUSTRIA LTDA 24.542.953/0003-01
CAMPO NOVO DO PARECIS-MT CEP: 78360000
AVENIDA ELI ANTONIO BRIZOLA,S/N SETOR INDUSTRIAL
Fone: 06533822611 Compl: LOTE 03 QUADRA432
",0.0,0.0,N," Peso de saída: 33.900,00 PPT: 60,0000 Frete: 2.034,00
Mercadoria: CAROÇO DE ALGODÃO  Valor: 50.850,00 Tolerância Quebra: 0,2500
","
",,VITORM,VITORM,2022-01-31 17:45:18.149,2022-01-31 17:45:18.134,"GRÃOS EM GERAL - BOM FRETE LOGISTICA E TRANSPORTES LTDA 24.073.150/0002-74
SORRISO-MT CEP: 78894280
AVENIDA PERIMETRAL SUDOESTE ,8245 SÃO CRISTOVÃO 
Fone: 06634265920 EMail: bomfrete@bomfrete.com.br
"
13,2022-02-01 15:57:59.761,8673,,1.0,16396.0,0,2022-02-01 15:57:59.761,,,,"AGROPECUARIA MASUTTI LTDA 26.595.181/0002-10
COMODORO-MT CEP: 78310000
ROD BR 174,588 PADRONAL
Fone: 06533162200 Compl: FAZENDA JK
",0.0,0.0,"S MAGALHAES S.A. LOGISTICA EM COMERCIO EXTERIOR 58.130.089/0023-04
GUARUJA-SP CEP: 11013921
ROD CONEGO DOMENICO RANGONI,7495 VILA AUREA
Fone: 06634343434 Compl: 
",0.0,0.0,N," Peso de saída: 26.330,00 PPT: 402,3619 Frete: 10.594,19
Mercadoria: ALGODAO EM PLUMA Valor: 180.127,81 Tolerância Quebra: 0,2500
","INSTRUCAO S13390.B02 - CONTRATO P01388-P01774PJ - SAFRA 20/21
LOTE 10173 TIPO 42-4 C 110 FDS
",,KELVIN,KELVIN,2022-02-01 16:01:19.930,2022-02-01 16:01:19.926,"BOM FRETE LOGISTICA E TRANSPORTES LTDA 24.073.150/0001-93
RONDONOPOLIS-MT CEP: 78705018
RUA DEZENOVE DE NOVEMBRO ,1377 VILA BIRIGUI 
Fone: 06634265920 EMail: bomfrete@bomfrete.com.br
"
14,2022-02-09 07:38:25.586,5322,,1.0,16724.0,0,2022-02-09 07:38:25.586,,,,"INDUSTRIA DE FERTILIZANTES ATLANTICO LTDA 04.406.746/0002-31
PARANAGUA-PR CEP: 83209658
AVENIDA JOSÉ DA COSTA LEITE,251 VILA DO POVO
Fone: 04130388300 Compl: 
",0.0,0.0,"DECIO BARDI DA FONSECA 963.021.518-72
BANDEIRANTES-MS CEP: 79430000
BANDEIRANTES,KM13 
ZONA RURAL
Fone: 06733428885 Compl: FAZ CONQUISTA,
",0.0,0.0,N," Peso de saída: 31.000,00 PPT: 176,6839 Frete: 5.477,20
Mercadoria: FERTILIZANTE - 20.00.20 Valor: 124.174,00 Tolerância Quebra: 0,0000
","CONTA E ORDEM FERTIPAR DOURADOS MS
NF 153083 E 153084 SERIE 1
",,VALCIR,VALCIR,2022-02-09 08:26:44.634,2022-02-09 08:26:44.634,"BOM FRETE LOGISTICA E TRANSPORTES LTDA 24.073.150/0005-17
CASCAVEL-PR CEP: 85810010
RUA PARANA ,3000 CENTRO
Fone: 06634265920 EMail: bomfrete@bomfrete.com.br
"
15,2022-02-17 07:17:26.625,7254,,1.0,17114.0,0,2022-02-17 07:17:26.625,,,,"INDUSTRIA DE FERTILIZANTES ATLANTICO LTDA 04.406.746/0002-31
PARANAGUA-PR CEP: 83209658
AVENIDA JOSÉ DA COSTA LEITE,251 VILA DO POVO
Fone: 04130388300 Compl: 
",0.0,0.0,"FERTIPAR FERTILIZANTES DO PARANA LTDA 90.810.706/0039-84
DOURADOS-MS CEP: 79878000
ROD BR 163, KM 277, QUADRA10, LOTE 04,SN VILA SAO PEDRO E VILA VARGAS
Fone: 06734141378 Compl: 
",0.0,0.0,N," Peso de saída: 31.000,00 PPT: 111,3032 Frete: 3.450,40
Mercadoria: FERTILIZANTE 30 00 00 + 6%S Valor: 60.696,82 Tolerância Quebra: 0,0000
","
",,VALCIR,VALCIR,2022-02-17 07:27:57.302,2022-02-17 07:27:57.302,"BOM FRETE LOGISTICA E TRANSPORTES LTDA 24.073.150/0005-17
CASCAVEL-PR CEP: 85810010
RUA PARANA ,3000 CENTRO
Fone: 06634265920 EMail: bomfrete@bomfrete.com.br
"
16,2022-03-09 08:46:52.067,9237,,1.0,18288.0,0,2022-03-09 08:46:52.067,,,,"FERTIPAR FERTILIZANTES DO PARANA LTDA 90.810.706/0003-73
PARANAGUA-PR CEP: 83203762
RUA COMENDADOR CORREIA JÚNIOR,1178 29 DE JULHO
Fone: 04133038820 Compl: 
",0.0,0.0,"RITA APARECIDA DE OLIVEIRA - FAZENDA CALIFORNIA 546.237.071-72
GOIATUBA-GO CEP: 75600000
RODOVIA GO 211 KM 6,SN ZONA RURAL
Fone: 06436089624 Compl: 
",0.0,0.0,N," Peso de saída: 37.000,00 PPT: 160,5097 Frete: 5.938,86
Mercadoria: FERTILIZANTE FOSFATO NATURAL R Valor: 58.090,00 Tolerância Quebra: 0,2500
","CONTA E ORDEM FERTIGRAN CATALÃO GO
NF 213341 SERIE 1
",,VALCIR,VALCIR,2022-03-09 09:01:30.737,2022-03-09 09:01:30.737,"BOM FRETE LOGISTICA E TRANSPORTES LTDA 24.073.150/0005-17
CASCAVEL-PR CEP: 85810010
RUA PARANA ,3000 CENTRO
Fone: 06634265920 EMail: bomfrete@bomfrete.com.br
"
17,2022-03-10 07:54:23.610,9582,,1.0,18329.0,0,2022-03-10 07:54:23.610,,,,"COOPERBRAC COOP. AGR. DO BRASIL CENTRAL 15.759.617/0003-24
SAO PAULO-SP CEP: 04220001
AVENIDA PRESIDENTE WILSON,- DE 4153/4154 A 5651/56,4772 VILA INDEPENDENCIA
Fone: 01120636969 Compl: 
",0.0,0.0,"TEXTIL CANATIBA LTDA 56.723.091/0001-48
SANTA BARBARA D`OESTE-SP CEP: 13456901
AVENIDA INTERDISTRITAL.COMEND.E.ROMI,350 DIST. INDUSTRIAL
Fone: 01934594000 Compl: 
",0.0,0.0,N," Peso de saída: 28.240,00 PPT: 0,0000 Frete: 0,00
Mercadoria: ALGODÃO EM PLUMA Valor: 517.214,60 Tolerância Quebra: 0,2500
","PEDIDO - FRLT-0007/2020-TIPO-31-4
",,KELVIN,KELVIN,2022-03-10 08:21:01.940,2022-03-10 08:21:01.925,"BOM FRETE LOGISTICA E TRANSPORTES LTDA 24.073.150/0002-74
SORRISO-MT CEP: 78894280
AVENIDA PERIMETRAL SUDOESTE ,8245 SÃO CRISTOVÃO 
Fone: 06634265920 EMail: bomfrete@bomfrete.com.br
"
18,2022-03-25 06:45:03.651,9235,,1.0,19077.0,0,2022-03-25 06:45:03.651,,,,"INDUSTRIA DE FERTILIZANTES ATLANTICO LTDA 04.406.746/0002-31
PARANAGUA-PR CEP: 83209658
AVENIDA JOSÉ DA COSTA LEITE,251 VILA DO POVO
Fone: 04130388300 Compl: 
",0.0,0.0,"EDSON DE CARVALHO FRANCO 095.662.601-72
PEROLANDIA-GO CEP: 75823000
FAZ TORRES E BONFIM LUGAR – JERIVA, ROD BR 364, KM 130 A DIR 18 KM
,sn ZONA RURAL
Fone:  Compl: FAZENDA
",0.0,0.0,N," Peso de saída: 8.000,00 PPT: 222,7575 Frete: 1.782,06
Mercadoria: FERTILIZANTE  MAP Valor: 48.150,00 Tolerância Quebra: 0,2500
","CONTA E ORDEM FERTIGRAN CATALÃO GO
NF 214671 SERIE 1
",,VALCIR,VALCIR,2022-03-25 06:47:56.701,2022-03-25 06:47:56.701,"BOM FRETE LOGISTICA E TRANSPORTES LTDA 24.073.150/0005-17
CASCAVEL-PR CEP: 85810010
RUA PARANA ,3000 CENTRO
Fone: 06634265920 EMail: bomfrete@bomfrete.com.br
"
19,2022-03-26 13:37:23.341,7659,,1.0,19166.0,0,2022-03-26 13:37:23.341,,,,"MELACOS BRASILEIROS LTDA 44.814.069/0001-24
SALTINHO-SP CEP: 13440000
AVENIDA JOAQUIM MENDES PEREIRA,1077 APARECIDA
Fone: 01934391677 Compl: 
",0.0,0.0,"ITAIQUARA ALIMENTOS S.A. 72.111.321/0001-74
TAPIRATIBA-SP CEP: 13760000
FAZ ITAIQUARA,S N ITAIQUARA
Fone: 06634343434 Compl: 
",0.0,0.0,N," Peso de saída: 34.080,00 PPT: 0,0000 Frete: 0,00
Mercadoria: MELACO DE CANA DE ACUCAR Valor: 73.612,80 Tolerância Quebra: 0,2500
","
",,KELVIN,KELVIN,2022-03-26 14:01:33.174,2022-03-26 14:01:33.158,"BOM FRETE LOGISTICA E TRANSPORTES LTDA 24.073.150/0001-93
RONDONOPOLIS-MT CEP: 78705018
RUA DEZENOVE DE NOVEMBRO ,1377 VILA BIRIGUI 
Fone: 06634265920 EMail: bomfrete@bomfrete.com.br
"
20,2022-03-29 20:43:29.094,10068,,1.0,19325.0,0,2022-03-29 20:43:29.094,,,,"EUROCHEM TRADING GMBH 00.000.000/0000-00
RUSSIA-EX CEP: 99999999
INDISPONIVEL,SN INDISPONIVEL
Fone: 00000000000 Compl: INDISPONIVEL
",0.0,0.0,"NUTRISOYA IND E COM DE FERTILIZANTES E BENEFICIAMENTO 23.673.309/0002-29
CATALAO-GO CEP: 75714300
RODOVIA GO 506, KM 13  SETOR CENTRAL,SN ZONA RURAL
Fone: 06481287593 Compl: 
",0.0,0.0,N," Peso de saída: 46.880,00 PPT: 162,9309 Frete: 7.638,20
Mercadoria: KCL 60 GR Valor: 256.802,55 Tolerância Quebra: 0,2500
","DI 22/0512318-0 DE 17/03/2022
NAVIO WESTERN FEDORA
FATURA COMERCIAL 637700F
NOTA MAE Nº 914 DE 17/03/2022
PEDIDO 35332 TICKET 261564
",,VALCIR,VALCIR,2022-03-29 20:57:03.617,2022-03-29 20:57:03.617,"BOM FRETE LOGISTICA E TRANSPORTES LTDA 24.073.150/0005-17
CASCAVEL-PR CEP: 85810010
RUA PARANA ,3000 CENTRO
Fone: 06634265920 EMail: bomfrete@bomfrete.com.br
"
21,2022-03-30 14:57:49.866,7839,,1.0,19353.0,0,2022-03-30 14:57:49.866,,,,"AGROPECUARIA MAGGI LTDA 00.315.457/0007-80
SAPEZAL-MT CEP: 78365000
RODOVIA MT 235, KM 133,SN ZONA RURAL
Fone: 06533835641 Compl: 
",0.0,0.0,"DUAL DUARTE ALBUQUERQUE COMERCIO E INDUSTRIA LTDA 24.542.953/0003-01
CAMPO NOVO DO PARECIS-MT CEP: 78360000
AVENIDA ELI ANTONIO BRIZOLA,S/N SETOR INDUSTRIAL
Fone: 06533822611 Compl: LOTE 03 QUADRA432
",0.0,0.0,N," Peso de saída: 27.450,00 PPT: 0,0000 Frete: 0,00
Mercadoria: CAROÇO ALGODÃO Valor: 24.705,00 Tolerância Quebra: 0,2500
","CTE SUBSTITUTO AO 4047
",,KELVIN,KELVIN,2022-03-30 15:00:20.801,2022-03-30 15:00:20.786,"BOM FRETE LOGISTICA E TRANSPORTES LTDA 24.073.150/0002-74
SORRISO-MT CEP: 78894280
AVENIDA PERIMETRAL SUDOESTE ,8245 SÃO CRISTOVÃO 
Fone: 06634265920 EMail: bomfrete@bomfrete.com.br
"
22,2022-03-31 16:21:17.322,10084,,1.0,19396.0,0,2022-03-31 16:21:17.322,,,,"UNICOTTON COOPERATIVA DE PRODUTORES DE ALGODAO 36.950.053/0001-10
PRIMAVERA DO LESTE-MT CEP: 78850000
RUA C,315 DIST. IND.
Fone:  Compl: QUADRA 11 LOTE 11
",0.0,0.0,"COOPERBRAC COOP. AGR. DO BRASIL CENTRAL 15.759.617/0003-24
SAO PAULO-SP CEP: 04220001
AVENIDA PRESIDENTE WILSON,- DE 4153/4154 A 5651/56,4772 VILA INDEPENDENCIA
Fone: 01120636969 Compl: 
",0.0,0.0,N," Peso de saída: 28.960,00 PPT: 237,3853 Frete: 6.874,68
Mercadoria: ALGODAO EM PLUMA Valor: 511.767,82 Tolerância Quebra: 0,2500
","VALOR DO CONTRATO R$ 17,7867 / KGS PADRAO 31-3 E 31-4
CONTRATO N 1335/22 PRODUTOR PAULO ROGERIO DE MORAIS MACHADO COOPERADO N 03
SAFRA 20/21 INST EMB: LOTE 1393 C 8 FDS TIPO 31-3 / LOTE 1440 C 117 FDS TIPO 31-4 REF A NF 6392
",,KELVIN,KELVIN,2022-03-31 16:40:28.338,2022-03-31 16:40:28.338,"BOM FRETE LOGISTICA E TRANSPORTES LTDA 24.073.150/0001-93
RONDONOPOLIS-MT CEP: 78705018
RUA DEZENOVE DE NOVEMBRO ,1377 VILA BIRIGUI 
Fone: 06634265920 EMail: bomfrete@bomfrete.com.br
"
23,2022-04-04 10:53:46.960,10146,,1.0,19498.0,0,2022-04-04 10:53:46.960,,,,"UNICOTTON COOPERATIVA DE PRODUTORES DE ALGODAO 36.950.053/0001-10
PRIMAVERA DO LESTE-MT CEP: 78850000
RUA C,315 DIST. IND.
Fone:  Compl: QUADRA 11 LOTE 11
",0.0,0.0,"COOPERBRAC COOP. AGR. DO BRASIL CENTRAL 15.759.617/0003-24
SAO PAULO-SP CEP: 04220001
AVENIDA PRESIDENTE WILSON,- DE 4153/4154 A 5651/56,4772 VILA INDEPENDENCIA
Fone: 01120636969 Compl: 
",0.0,0.0,N," Peso de saída: 28.740,00 PPT: 239,7912 Frete: 6.891,60
Mercadoria: ALGODAO EM PLUMA TIPO 31-4 Valor: 507.908,11 Tolerância Quebra: 0,2500
","VALOR DO CONTRATO R$ 17,7867/KG CONTRATO N 1335/22
PRODUTOR: PAULO ROGERIO DE MORAIS MACHADO CCOPERADO N 03
SAFRA 20/21 INT DE EMBARQUE LOTE 1396 C 6 FDS TIPO 31-4 LOTE 1430 C 117 FDS TIPO 31-4
NF DE ORIGEM 6406
",,KELVIN,KELVIN,2022-04-04 11:03:13.810,2022-04-04 11:03:13.800,"BOM FRETE LOGISTICA E TRANSPORTES LTDA 24.073.150/0001-93
RONDONOPOLIS-MT CEP: 78705018
RUA DEZENOVE DE NOVEMBRO ,1377 VILA BIRIGUI 
Fone: 06634265920 EMail: bomfrete@bomfrete.com.br
"
24,2022-04-05 15:54:22.523,10146,,1.0,19571.0,0,2022-04-05 15:54:22.523,,,,"COOPERBRAC COOP. AGR. DO BRASIL CENTRAL 15.759.617/0003-24
SAO PAULO-SP CEP: 04220001
AVENIDA PRESIDENTE WILSON,- DE 4153/4154 A 5651/56,4772 VILA INDEPENDENCIA
Fone: 01120636969 Compl: 
",0.0,0.0,"TEXTIL CANATIBA LTDA 56.723.091/0001-48
SANTA BARBARA D`OESTE-SP CEP: 13456901
AVENIDA INTERDISTRITAL.COMEND.E.ROMI,350 DIST. INDUSTRIAL
Fone: 01934594000 Compl: 
",0.0,0.0,N," Peso de saída: 28.740,00 PPT: 0,0000 Frete: 0,00
Mercadoria: ALGODAO EM PLUMA Valor: 526.349,29 Tolerância Quebra: 0,2500
","FRLT-0007-2022-0038
",,KELVIN,KELVIN,2022-04-05 15:57:12.987,2022-04-05 15:57:12.981,"BOM FRETE LOGISTICA E TRANSPORTES LTDA 24.073.150/0002-74
SORRISO-MT CEP: 78894280
AVENIDA PERIMETRAL SUDOESTE ,8245 SÃO CRISTOVÃO 
Fone: 06634265920 EMail: bomfrete@bomfrete.com.br
"
25,2022-04-06 10:55:52.872,10259,,1.0,19620.0,0,2022-04-06 10:55:52.872,,,,"PAULO ROGERIO DE MORAIS MACHADO 444.803.009-10
CAMPO VERDE-MT CEP: 78840000
 FAZ MOURAO ROD BR 070 KM 349 ,S/N ZONA RURAL
Fone: 06635001400 Compl: FAZ MOURAO 
",0.0,0.0,"COOPERBRAC COOP. AGR. DO BRASIL CENTRAL 15.759.617/0003-24
SAO PAULO-SP CEP: 04220001
AVENIDA PRESIDENTE WILSON,- DE 4153/4154 A 5651/56,4772 VILA INDEPENDENCIA
Fone: 01120636969 Compl: 
",0.0,0.0,N," Peso de saída: 30.870,00 PPT: 232,5655 Frete: 7.179,30
Mercadoria: ALGODAO EM PLUMA TIPO 31-4 Valor: 506.588,58 Tolerância Quebra: 0,2500
","MERCADORIA REMETIDA POR CONTA E ORDEM JOSE ROBERTO MACHADO FAZENDA MACHADO
ROD BR 070 ZONA RAURAL CAMPO VERDE MT, CPF 44480300910 IE 132222710
VALOR DO CONTRATO R$ 16,5333/KG - CONTRATO N 2468/LUCRA/2022 PRODUTOR COOPERADO N 139
SAFRA 20/21 INST EMB LOTE 114 C 46 FDS TIPO 31-4/LOTE 128 C 68 FDS TIPO 31-2/LOTE 129 C 27 FDS TIPO 31-3
LOTE 131 C 12 FDS TIPO 31-3 - NF DE ORIGEM N 2666
",,KELVIN,KELVIN,2022-04-06 11:06:15.787,2022-04-06 11:06:15.771,"BOM FRETE LOGISTICA E TRANSPORTES LTDA 24.073.150/0001-93
RONDONOPOLIS-MT CEP: 78705018
RUA DEZENOVE DE NOVEMBRO ,1377 VILA BIRIGUI 
Fone: 06634265920 EMail: bomfrete@bomfrete.com.br
"
26,2022-04-09 10:22:43.086,10263,,1.0,19833.0,0,2022-04-09 10:22:43.086,,,,"COOPERBRAC COOP. AGR. DO BRASIL CENTRAL 15.759.617/0003-24
SAO PAULO-SP CEP: 04220001
AVENIDA PRESIDENTE WILSON,- DE 4153/4154 A 5651/56,4772 VILA INDEPENDENCIA
Fone: 01120636969 Compl: 
",0.0,0.0,"NICOLETTI TEXTIL LTDA 43.256.171/0001-99
AMERICANA-SP CEP: 13477260
AVENIDA UNITIKA,365 JARDIM HELENA
Fone: 01934789030 Compl: INDISPONIVEL
",0.0,0.0,N," Peso de saída: 34.440,00 PPT: 0,0000 Frete: 0,00
Mercadoria: ALGODÃO EM PLUMA Valor: 646.952,06 Tolerância Quebra: 0,2500
","PEDIDO A038/2022 - TIPO 31-4
",,KELVIN,KELVIN,2022-04-09 10:24:27.464,2022-04-09 10:24:27.464,"BOM FRETE LOGISTICA E TRANSPORTES LTDA 24.073.150/0002-74
SORRISO-MT CEP: 78894280
AVENIDA PERIMETRAL SUDOESTE ,8245 SÃO CRISTOVÃO 
Fone: 06634265920 EMail: bomfrete@bomfrete.com.br
"
27,2022-04-09 18:51:00.389,10260,,1.0,19874.0,0,2022-04-09 18:51:00.389,,,,"COOPERBRAC COOP. AGR. DO BRASIL CENTRAL 15.759.617/0003-24
SAO PAULO-SP CEP: 04220001
AVENIDA PRESIDENTE WILSON,- DE 4153/4154 A 5651/56,4772 VILA INDEPENDENCIA
Fone: 01120636969 Compl: 
",0.0,0.0,"NICOLETTI TEXTIL LTDA 43.256.171/0001-99
AMERICANA-SP CEP: 13477260
AVENIDA UNITIKA,365 JARDIM HELENA
Fone: 01934789030 Compl: INDISPONIVEL
",0.0,0.0,N," Peso de saída: 56.200,00 PPT: 0,0000 Frete: 0,00
Mercadoria: ALGODÃO EM PLUMA Valor: 1.055.641,90 Tolerância Quebra: 0,2500
","
",,KELVIN,KELVIN,2022-04-09 18:53:54.843,2022-04-09 18:53:54.843,"BOM FRETE LOGISTICA E TRANSPORTES LTDA 24.073.150/0002-74
SORRISO-MT CEP: 78894280
AVENIDA PERIMETRAL SUDOESTE ,8245 SÃO CRISTOVÃO 
Fone: 06634265920 EMail: bomfrete@bomfrete.com.br
"
28,2022-05-12 13:44:23.850,11150,,1.0,21396.0,0,2022-05-12 13:44:23.850,,,,"AGROTORTA INDUSTRIA E COMERCIO DE RACOES LTDA 12.648.456/0003-03
PRIMAVERA DO LESTE-MT CEP: 78850000
RUA B 12 DISTRITO INDUSTRIAL II,12 JOSE ALENCAR G DA SILVA
Fone: 06634973497 Compl: 
",0.0,0.0,"SIOL ALIMENTOS LTDA 44.242.287/0001-31
SAO PAULO-SP CEP: 06410120
R FRANCISCO DE MELLO PALHETA,327 JARDIM DOS CAMARGOS
Fone: 06634343434 Compl: ********
",0.0,0.0,N," Peso de saída: 33.520,00 PPT: 299,8001 Frete: 10.049,30
Mercadoria: OLEO DE ALGODAO  Valor: 258.104,00 Tolerância Quebra: 0,2500
","
",,KELVIN,KELVIN,2022-05-12 14:00:23.251,2022-05-12 14:00:23.240,"BOM FRETE LOGISTICA E TRANSPORTES LTDA 24.073.150/0001-93
RONDONOPOLIS-MT CEP: 78705018
RUA DEZENOVE DE NOVEMBRO ,1377 VILA BIRIGUI 
Fone: 06634265920 EMail: bomfrete@bomfrete.com.br
"
29,2022-06-11 13:13:10.631,11963,,1.0,22678.0,0,2022-06-11 13:13:10.631,,,,"PORTO SECO CENTRO OESTE S/A 02.680.379/0001-53
ANAPOLIS-GO CEP: 75135000
LOC VP 5 E,SN DAIA
Fone: 00000000000 Compl: QD 09 MODULO 07
",0.0,0.0,"COFCO BRASIL S/A 06.315.338/0023-24
SEBASTIANOPOLIS DO SUL-SP CEP: 15180000
SEBASTIANÓPOLIS DO SUL,S/N ZONA RURAL
Fone: 06336922147 Compl: 
",0.0,0.0,N," Peso de saída: 31.880,00 PPT: 220,0000 Frete: 7.013,60
Mercadoria: ALGODAO EM PLUMA Valor: 540.253,97 Tolerância Quebra: 0,2500
","VALOR PARA EFEITO DE SEGURO R$ 20,00-POR KG - SAFRA 21-22
INSTRUCAO DE EMBARQUE CTS-003292021 INTERNA COOPEBRAC
CONTRATO DE COMPRA CTP-003112021 E PC-6140-CICL NF DE RETORNO SIMBOLICO 14555
BLOCO 4012-37677 TIPO 314 C 13 FDS - ORDEM DE COMPRA 41446697 BLOCO 49-34761 TIPO 312 C 140 FDS
",,KELVIN,KELVIN,2022-06-11 13:20:38.101,2022-06-11 13:20:38.101,"BOM FRETE LOGISTICA E TRANSPORTES LTDA 24.073.150/0001-93
RONDONOPOLIS-MT CEP: 78705018
RUA DEZENOVE DE NOVEMBRO ,1377 VILA BIRIGUI 
Fone: 06634265920 EMail: bomfrete@bomfrete.com.br
"
30,2022-06-13 16:15:50.256,11854,,1.0,22753.0,0,2022-06-13 16:15:50.256,,,,"MINERVA S A 67.620.377/0004-67
PALMEIRAS DE GOIAS-GO CEP: 76190000
PALMEIRAS DE GOIÁS,SN ZONA RURAL
Fone: 06435718000 Compl: 
",0.0,0.0,"MARANELLO MERCANTIL EIRELI EPP 20.142.119/0001-06
BARIRI-SP CEP: 17250000
AVENIDA MATHIAS CAMACHO,112 JARDIM EUROPA
Fone: 02121211000 Compl: 
",0.0,0.0,N," Peso de saída: 28.400,00 PPT: 74,4718 Frete: 2.115,00
Mercadoria: SUBPRODUTO BOVINO SEBO Valor: 230.040,00 Tolerância Quebra: 0,2500
","
",,CLAUDIA,CLAUDIA,2022-06-25 09:47:27.741,2022-06-25 09:47:27.732,"BOM FRETE LOGISTICA E TRANSPORTES LTDA 24.073.150/0001-93
RONDONOPOLIS-MT CEP: 78705018
RUA DEZENOVE DE NOVEMBRO ,1377 VILA BIRIGUI 
Fone: 06634265920 EMail: bomfrete@bomfrete.com.br
"
31,2022-08-09 14:36:14.272,5293,,1.0,25554.0,0,2022-08-09 14:36:14.272,,,,"ALGODOEIRA COTTON NOVA PRATA LTDA 37.354.699/0001-06
SORRISO-MT CEP: 78890000
R AYRTON SENNA,828 NOVA PRATA
Fone:  Compl: 
",0.0,0.0,"COOPERBRAC COOP. AGR. DO BRASIL CENTRAL 15.759.617/0003-24
SAO PAULO-SP CEP: 04220001
AVENIDA PRESIDENTE WILSON,- DE 4153/4154 A 5651/56,4772 VILA INDEPENDENCIA
Fone: 01120636969 Compl: 
",0.0,0.0,N," Peso de saída: 27.990,00 PPT: 320,0000 Frete: 8.956,80
Mercadoria: ALGODAO EM PLUMA Valor: 370.399,07 Tolerância Quebra: 0,2500
","SAFRA 21/22 - CONTRATO COAAMI 430-2022-015 - BLOCO 350 C 140 FDS
",,KELVIN,KELVIN,2022-08-09 14:48:33.416,2022-08-09 14:48:33.416,"BOM FRETE LOGISTICA E TRANSPORTES LTDA MT 24.073.150/0001-93
RONDONOPOLIS-MT CEP: 78705018
RUA DEZENOVE DE NOVEMBRO ,1377 VILA BIRIGUI 
Fone: 06634265920 EMail: bomfrete@bomfrete.com.br
"
32,2022-08-12 18:34:57.762,7404,,1.0,25803.0,0,2022-08-12 18:34:57.762,,,,"AGROPECUARIA MASUTTI LTDA 26.595.181/0003-00
VILHENA-RO CEP: 76988899
CORUMBIARA LOTE 100 ST12,SN ZONA RURAL
Fone: 06933162200 Compl: FAZENDA JAQUELINE
",0.0,0.0,"TRANSPORTES DELLA VOLPE S A COM E INDUST 61.139.432/0019-00
SANTOS-SP CEP: 11085400
RUA BORIS KAUFFMANN,227 CHICO DE PAULA
Fone: 01169678500 Compl: 
",0.0,0.0,N," Peso de saída: 28.880,00 PPT: 426,2465 Frete: 12.310,00
Mercadoria: ALGODAO EM PLUMA Valor: 273.433,20 Tolerância Quebra: 0,2500
","LOTE:20011 TIPO: 31-4 5 - FARDOS-LOTE:20012 TIPO: 31-4 15 - FARDOS
LOTE:20013 TIPO: 31-4 110 - FARDOS-CONTRATO: P00624 INSTRUCAO S13686.A01
",,KELVIN,KELVIN,2022-08-12 18:44:09.861,2022-08-12 18:44:09.846,"BOM FRETE LOGISTICA E TRANSPORTES LTDA 24.073.150/0002-74
SORRISO-MT CEP: 78894280
AVENIDA PERIMETRAL SUDOESTE ,8245 SÃO CRISTOVÃO 
Fone: 06634265920 EMail: bomfrete@bomfrete.com.br
"
33,2022-08-17 08:59:14.372,5799,,1.0,25971.0,0,2022-08-17 08:59:14.372,,,,"CLAUDIO ANTONIO SQUINZANI CARGNELUTTI 414.358.340-20
LUCAS DO RIO VERDE-MT CEP: 78455000
RODOVIA MT 338 KM 55,SN ZONA RURAL
Fone: 00000000000 Compl: 
",0.0,0.0,"COFCO INTERNATIONAL COTTON LTDA 23.057.450/0008-92
JATAI-GO CEP: 75800051
AVENIDA BRASIL,1120 CENTRO
Fone: 01731225824 Compl: QD 005A LOTE 0001
",0.0,0.0,N," Peso de saída: 29.560,00 PPT: 317,5250 Frete: 9.386,04
Mercadoria: PLUMA DE ALGODAO Valor: 321.837,22 Tolerância Quebra: 0,2500
","CONTRATO CTP001572022
SC-8546-AUG-58
TIPO 31.4 - LOTE 74_150 FARDOS
",,GUSTAVOS,GUSTAVOS,2022-08-17 12:45:42.048,2022-08-17 12:45:42.048,"BOM FRETE LOGISTICA E TRANSPORTES LTDA MT 24.073.150/0001-93
RONDONOPOLIS-MT CEP: 78705018
RUA DEZENOVE DE NOVEMBRO ,1377 VILA BIRIGUI 
Fone: 06634265920 EMail: bomfrete@bomfrete.com.br
"
34,2022-08-28 14:24:46.249,14294,,1.0,26566.0,0,2022-08-28 14:24:46.249,,,,"COOPERBRAC COOP. AGR. DO BRASIL CENTRAL 15.759.617/0003-24
SAO PAULO-SP CEP: 04220001
AVENIDA PRESIDENTE WILSON,- DE 4153/4154 A 5651/56,4772 VILA INDEPENDENCIA
Fone: 01120636969 Compl: 
",0.0,0.0,"FIACAO SANTA CATARINA EIRELI 72.740.640/0001-49
NOVA ODESSA-SP CEP: 13460000
NOVA ODESSA,SN VILA AZENHA
Fone: 00000000000 Compl: 
",0.0,0.0,N," Peso de saída: 4.026,00 PPT: 0,0000 Frete: 0,00
Mercadoria: ALGODAO DE PLUMA PADRAO 31.3 Valor: 70.160,00 Tolerância Quebra: 0,2500
","VALOR PARA EFEITO DE SEGURO R$ 38,7916
",,KELVIN,KELVIN,2022-08-28 14:29:58.202,2022-08-28 14:29:58.202,"BOM FRETE LOGISTICA E TRANSPORTES LTDA 24.073.150/0002-74
SORRISO-MT CEP: 78894280
AVENIDA PERIMETRAL SUDOESTE ,8245 SÃO CRISTOVÃO 
Fone: 06634265920 EMail: bomfrete@bomfrete.com.br
"
35,2022-09-02 17:14:32.452,14482,,1.0,26887.0,0,2022-09-02 17:14:32.452,,,,"COOPERBRAC COOPERATIVA AGRICOLA DO BRASIL CENTRAL 15.759.617/0002-43
DIANOPOLIS-TO CEP: 77300000
DIANÓPOLIS,20 CENTRO
Fone: 00000000000 Compl:  QD 14 LT 20
",0.0,0.0,"TECELAGEM JOLITEX LTDA 43.237.254/0005-64
NOVA ODESSA-SP CEP: 13380290
AVENIDA AMPELIO GAZZETTA,4555 PARQUE INDUSTRIAL HARMONIA
Fone: 01921092500 Compl: INDISPONIVEL
",0.0,0.0,N," Peso de saída: 32.140,00 PPT: 0,0000 Frete: 0,00
Mercadoria: ALGODÃO EM PLUMA Valor: 536.924,84 Tolerância Quebra: 0,2500
","PEDIDO 612/2021 - TIPO 31-4
",,KELVIN,KELVIN,2022-09-02 17:33:01.570,2022-09-02 17:33:01.555,"BOM FRETE LOGISTICA E TRANSPORTES LTDA 24.073.150/0002-74
SORRISO-MT CEP: 78894280
AVENIDA PERIMETRAL SUDOESTE ,8245 SÃO CRISTOVÃO 
Fone: 06634265920 EMail: bomfrete@bomfrete.com.br
"
36,2022-09-09 08:19:38.708,14683,,1.0,27144.0,0,2022-09-09 08:19:38.708,,,,"COOPERBRAC COOP. AGR. DO BRASIL CENTRAL 15.759.617/0003-24
SAO PAULO-SP CEP: 04220001
AVENIDA PRESIDENTE WILSON,- DE 4153/4154 A 5651/56,4772 VILA INDEPENDENCIA
Fone: 01120636969 Compl: 
",0.0,0.0,"NIT FIACAO E COMERCIO LTDA 13.828.498/0001-27
TRES LAGOAS-MS CEP: 79601970
AVENIDA 3,2062 CENTRO
Fone: 06721053850 Compl: 
",0.0,0.0,N," Peso de saída: 28.580,00 PPT: 0,0000 Frete: 0,00
Mercadoria: RESIDUOS ESTOPAS Valor: 437.582,73 Tolerância Quebra: 0,2500
","PEDIDO A073/2022 - TIPO 31-4
",,KELVIN,KELVIN,2022-09-09 08:21:43.211,2022-09-09 08:21:43.211,"BOM FRETE LOGISTICA E TRANSPORTES LTDA 24.073.150/0004-36
ARACATUBA-SP CEP: 16018805
RODOVIA MARECHAL RONDON,SN CAMPUS UNIVERSITÁRIO
Fone: 06634265920 EMail: bomfrete@bomfrete.com.br
"
37,2022-09-14 16:56:59.702,14842,,1.0,27421.0,0,2022-09-14 16:56:59.702,,,,"PAULO ROGERIO MORAIS MACHADO 444.803.009-10
DOM AQUINO-MT CEP: 78840000
ROD BR070 KM 322 + 20 KM DIREITA,sn ZONA RURAL
Fone: 06634982680 Compl: 
",0.0,0.0,"COOPERBRAC COOP. AGR. DO BRASIL CENTRAL 15.759.617/0003-24
SAO PAULO-SP CEP: 04220001
AVENIDA PRESIDENTE WILSON,- DE 4153/4154 A 5651/56,4772 VILA INDEPENDENCIA
Fone: 01120636969 Compl: 
",0.0,0.0,N," Peso de saída: 31.220,00 PPT: 350,0000 Frete: 10.927,00
Mercadoria: ALGODAO EM PLUMA TIPO 31-4 Valor: 497.174,78 Tolerância Quebra: 0,2500
","CONRTATO N 2555 / SAFRA 21/22 / LOTE 2025 C 17 FDS TIPO 41-4-LOTE2160 C 124 FDS
NF DE ORIGEM 7484
",,KELVIN,KELVIN,2022-09-14 17:02:32.394,2022-09-14 17:02:32.394,"BOM FRETE LOGISTICA E TRANSPORTES LTDA MT 24.073.150/0001-93
RONDONOPOLIS-MT CEP: 78705018
RUA DEZENOVE DE NOVEMBRO ,1377 VILA BIRIGUI 
Fone: 06634265920 EMail: bomfrete@bomfrete.com.br
"
38,2022-09-15 14:07:39.697,10460,,1.0,27472.0,0,2022-09-15 14:07:39.697,,,,"COOPERBRAC COOPERATIVA AGRICOLA DO BRASIL CENTRAL 15.759.617/0002-43
DIANOPOLIS-TO CEP: 77300000
DIANÓPOLIS,20 CENTRO
Fone: 00000000000 Compl:  QD 14 LT 20
",0.0,0.0,"COOPERBRAC COOP. AGR. DO BRASIL CENTRAL 15.759.617/0003-24
SAO PAULO-SP CEP: 04220001
AVENIDA PRESIDENTE WILSON,- DE 4153/4154 A 5651/56,4772 VILA INDEPENDENCIA
Fone: 01120636969 Compl: 
",0.0,0.0,N," Peso de saída: 28.060,00 PPT: 0,0000 Frete: 0,00
Mercadoria: ALGODAO EM PLUMA Valor: 379.794,94 Tolerância Quebra: 0,2500
","
",,KELVIN,KELVIN,2022-09-15 14:11:37.068,2022-09-15 14:11:37.052,"BOM FRETE LOGISTICA E TRANSPORTES LTDA MT 24.073.150/0001-93
RONDONOPOLIS-MT CEP: 78705018
RUA DEZENOVE DE NOVEMBRO ,1377 VILA BIRIGUI 
Fone: 06634265920 EMail: bomfrete@bomfrete.com.br
"
39,2022-09-23 09:02:34.002,4814,,1.0,27913.0,0,2022-09-23 09:02:34.002,,,,"AGROP TRES ESTRELAS - ALG NOVA GERACAO 09.490.719/0006-37
PRIMAVERA DO LESTE-MT CEP: 78850000
RUA A, QD03 LOTE 01,3000 JOSE ALENCAR
Fone: 06634343434 Compl: 
",0.0,0.0,"COOPERBRAC COOPERATIVA AGRICOLA DO BRASIL CENTRAL 15.759.617/0002-43
DIANOPOLIS-TO CEP: 77300000
DIANÓPOLIS,20 CENTRO
Fone: 00000000000 Compl:  QD 14 LT 20
",0.0,0.0,N," Peso de saída: 29.860,00 PPT: 325,0000 Frete: 9.704,50
Mercadoria: ALGODAO EM PLUMA Valor: 404.346,34 Tolerância Quebra: 0,2500
","REMESSA POR CONTA E ORDEM DE COFCO INT COTTON LTDA, NF NR 7279
NF DE VENDA DE UNICOTTON NR 60125 / VALOR P/ EFEITO DE SEGURO R$ 16,4427/KG
CONTRATO N CTP000462022 / SAFRA 21/22 / INST EMB LOTE 242 C 144 FDS TIPO 41-4 ORDEM DE COMPRA 41461108
NF DE ORIGEM 1517
",,KELVIN,KELVIN,2022-09-23 09:07:28.000,2022-09-23 09:07:27.984,"BOM FRETE LOGISTICA E TRANSPORTES LTDA MT 24.073.150/0001-93
RONDONOPOLIS-MT CEP: 78705018
RUA DEZENOVE DE NOVEMBRO ,1377 VILA BIRIGUI 
Fone: 06634265920 EMail: bomfrete@bomfrete.com.br
"
40,2022-09-24 09:28:34.925,1842,,1.0,27989.0,0,2022-09-24 09:28:34.925,,,,"COOPERBRAC COOP. AGR. DO BRASIL CENTRAL 15.759.617/0003-24
SAO PAULO-SP CEP: 04220001
AVENIDA PRESIDENTE WILSON,- DE 4153/4154 A 5651/56,4772 VILA INDEPENDENCIA
Fone: 01120636969 Compl: 
",0.0,0.0,"TEXTIL CANATIBA LTDA 56.723.091/0001-48
SANTA BARBARA D`OESTE-SP CEP: 13456901
AVENIDA INTERDISTRITAL.COMEND.E.ROMI,350 DIST. INDUSTRIAL
Fone: 01934594000 Compl: 
",0.0,0.0,N," Peso de saída: 31.000,00 PPT: 0,0000 Frete: 0,00
Mercadoria: ALGODAO EM PLUMA Valor: 534.112,04 Tolerância Quebra: 0,2500
","
",,KELVIN,KELVIN,2022-09-24 09:30:39.761,2022-09-24 09:30:39.761,"BOM FRETE LOGISTICA E TRANSPORTES LTDA 24.073.150/0002-74
SORRISO-MT CEP: 78894280
AVENIDA PERIMETRAL SUDOESTE ,8245 SÃO CRISTOVÃO 
Fone: 06634265920 EMail: bomfrete@bomfrete.com.br
"
41,2022-09-24 11:20:10.055,6510,,1.0,28010.0,0,2022-09-24 11:20:10.055,,,,"COOPERATIVA M PISCICULT AGROP CERRADO 09.089.183/0002-19
CAMPO VERDE-MT CEP: 78840000
ROD BR 070 KM 377 SALA,2 ZONA RURAL
Fone: 0000000000  Compl: 
",0.0,0.0,"COOPERBRAC COOP. AGR. DO BRASIL CENTRAL 15.759.617/0003-24
SAO PAULO-SP CEP: 04220001
AVENIDA PRESIDENTE WILSON,- DE 4153/4154 A 5651/56,4772 VILA INDEPENDENCIA
Fone: 01120636969 Compl: 
",0.0,0.0,N," Peso de saída: 27.400,00 PPT: 327,0072 Frete: 8.960,00
Mercadoria: ALGODAO EM PLUMA. Valor: 356.910,56 Tolerância Quebra: 0,2500
","NF DO PRODUTOR : 1698/ CONTRATO DE COMPRA: 52 / SAFRA 21/22
BLOCO 5104 - 140 FARDOS
",,KELVIN,KELVIN,2022-09-24 11:29:27.895,2022-09-24 11:29:27.895,"BOM FRETE LOGISTICA E TRANSPORTES LTDA MT 24.073.150/0001-93
RONDONOPOLIS-MT CEP: 78705018
RUA DEZENOVE DE NOVEMBRO ,1377 VILA BIRIGUI 
Fone: 06634265920 EMail: bomfrete@bomfrete.com.br
"
42,2022-09-29 09:55:08.031,15147,,1.0,28255.0,0,2022-09-29 09:55:08.031,,,," AGROPECUARIA TRES ESTRELAS LTDA 09.490.719/0006-37
PRIMAVERA DO LESTE-MT CEP: 78850000
RUA A,3000 JOSE ALENCAR G. DA SILVA
Fone: 06634343434 Compl: QUADRA 3 LOTE 1
",0.0,0.0,"COOPERBRAC COOPERATIVA AGRICOLA DO BRASIL CENTRAL 15.759.617/0002-43
DIANOPOLIS-TO CEP: 77300000
DIANÓPOLIS,20 CENTRO
Fone: 00000000000 Compl:  QD 14 LT 20
",0.0,0.0,N," Peso de saída: 29.820,00 PPT: 281,2474 Frete: 8.386,80
Mercadoria: ALGODAO EM PLUMA Valor: 403.800,74 Tolerância Quebra: 0,2500
","REF A NF DE COFCO NR 7319 / REF A NF DE UNICOTTON NR 60237 / SAFRA 21/22
VALOR P/ EFEITO DE SEGURO R$ 15,8742/KG / CONTRATO N CTP000462022
NF DE ORIGEM 1679 / INST EMB LOTE 253 C 144 FDS TIPO 41-5 - ORDEM DE COMPRA 41461106
",,KELVIN,KELVIN,2022-09-29 09:59:29.268,2022-09-29 09:59:29.253,"BOM FRETE LOGISTICA E TRANSPORTES LTDA MT 24.073.150/0001-93
RONDONOPOLIS-MT CEP: 78705018
RUA DEZENOVE DE NOVEMBRO ,1377 VILA BIRIGUI 
Fone: 06634265920 EMail: bomfrete@bomfrete.com.br
"
43,2022-10-05 09:14:22.529,15283,,1.0,28587.0,0,2022-10-05 09:14:22.529,,,,"3SB PRODUTOS AGRCOLAS S.A 22.177.696/0002-40
PRIMAVERA DO LESTE-MT CEP: 78850000
RODOVIA MT 130 KM 56 MAIS 5 KM A ESQUERDA,S/N° ZONA RURAL
Fone: 06237738006 Compl: 
",0.0,0.0,"COOPERBRAC COOP. AGR. DO BRASIL CENTRAL 15.759.617/0003-24
SAO PAULO-SP CEP: 04220001
AVENIDA PRESIDENTE WILSON,- DE 4153/4154 A 5651/56,4772 VILA INDEPENDENCIA
Fone: 01120636969 Compl: 
",0.0,0.0,N," Peso de saída: 44.340,00 PPT: 284,9418 Frete: 12.634,32
Mercadoria: ALGODAO EM PLUMA Valor: 569.176,54 Tolerância Quebra: 0,2500
","CONTRATO 18/2022 INST EMB 001/2022 BLOCO 83/86/90/91/107 - SAFRA 21/22
",,KELVIN,KELVIN,2022-10-05 09:17:28.231,2022-10-05 09:17:28.231,"BOM FRETE LOGISTICA E TRANSPORTES LTDA MT 24.073.150/0001-93
RONDONOPOLIS-MT CEP: 78705018
RUA DEZENOVE DE NOVEMBRO ,1377 VILA BIRIGUI 
Fone: 06634265920 EMail: bomfrete@bomfrete.com.br
"
44,2022-10-07 17:11:54.811,15433,,1.0,28745.0,0,2022-10-07 17:11:54.811,,,," AGROPECUARIA TRES ESTRELAS LTDA 09.490.719/0006-37
PRIMAVERA DO LESTE-MT CEP: 78850000
RUA A,3000 JOSE ALENCAR G. DA SILVA
Fone: 06634343434 Compl: QUADRA 3 LOTE 1
",0.0,0.0,"COOPERBRAC COOPERATIVA AGRICOLA DO BRASIL CENTRAL 15.759.617/0002-43
DIANOPOLIS-TO CEP: 77300000
DIANÓPOLIS,20 CENTRO
Fone: 00000000000 Compl:  QD 14 LT 20
",0.0,0.0,N," Peso de saída: 29.880,00 PPT: 320,0000 Frete: 9.561,60
Mercadoria: ALGODAO EM PLUMA Valor: 404.619,14 Tolerância Quebra: 0,2500
","REMESSA POR CONTA E ORDEM DE COFCO INT NF NR 7405 / SAFRA 21/22
NF DE VENDA DE UNICOTTON NR 60414 / NF DE ORIGEM 1811
CONTRATO N CTP000462022 / INST EMB LOTE 268 C 144 FDS TIPO 32-3/ORDEM DE COMPRA 41465318
VALOR PARA EFEITO DE SEGURO R$ 14,7920/KG
",,KELVIN,KELVIN,2022-10-07 17:13:57.022,2022-10-07 17:13:57.022,"BOM FRETE LOGISTICA E TRANSPORTES LTDA MT 24.073.150/0001-93
RONDONOPOLIS-MT CEP: 78705018
RUA DEZENOVE DE NOVEMBRO ,1377 VILA BIRIGUI 
Fone: 06634265920 EMail: bomfrete@bomfrete.com.br
"
45,2022-10-25 13:29:59.043,15961,,1.0,29759.0,0,2022-10-25 13:29:59.043,,,," AGROPECUARIA TRES ESTRELAS LTDA 09.490.719/0006-37
PRIMAVERA DO LESTE-MT CEP: 78850000
RUA A,3000 JOSE ALENCAR G. DA SILVA
Fone: 06634343434 Compl: QUADRA 3 LOTE 1
",0.0,0.0,"COOPERBRAC COOPERATIVA AGRICOLA DO BRASIL CENTRAL 15.759.617/0002-43
DIANOPOLIS-TO CEP: 77300000
DIANÓPOLIS,20 CENTRO
Fone: 00000000000 Compl:  QD 14 LT 20
",0.0,0.0,N," Peso de saída: 33.280,00 PPT: 320,0000 Frete: 10.649,60
Mercadoria: ALGODAO EM PLUMA Valor: 428.635,89 Tolerância Quebra: 0,2500
","REMESSA POR CONTA E ORDEM DE COFCO INT COTTON LTDA REF A NF NR 7525/7526
NF DE VENDA DE UNICOTTON NR 60709/60707 / VLR P /EFEITO DE SEGURO R$ 13,7581/KG
CONTRATO N CTP004502022 / SAFRA 21/22 / INST EMB CTS-004312022-SET-04/1 / CTS-004312022-OUT-03
LOTE 354 C 16 FDS TIPO 31-4 / LOTE 407 C 144 FDS TIPO 31-3 / ORDEM DE COMPRA 41472633/41472632
NF DE ORIGEM 49432/49433
",,KELVIN,KELVIN,2022-10-25 13:36:23.161,2022-10-25 13:36:23.161,"BOM FRETE LOGISTICA E TRANSPORTES LTDA MT 24.073.150/0001-93
RONDONOPOLIS-MT CEP: 78705018
RUA DEZENOVE DE NOVEMBRO ,1377 VILA BIRIGUI 
Fone: 06634265920 EMail: bomfrete@bomfrete.com.br
"
46,2022-10-26 07:56:05.353,14718,,1.0,29805.0,0,2022-10-26 07:56:05.353,,,,"COOPERBRAC COOP. AGR. DO BRASIL CENTRAL 15.759.617/0003-24
SAO PAULO-SP CEP: 04220001
AVENIDA PRESIDENTE WILSON,- DE 4153/4154 A 5651/56,4772 VILA INDEPENDENCIA
Fone: 01120636969 Compl: 
",0.0,0.0,"NICOLETTI TEXTIL LTDA 43.256.171/0001-99
AMERICANA-SP CEP: 13477260
AVENIDA UNITIKA,365 JARDIM HELENA
Fone: 01934789030 Compl: INDISPONIVEL
",0.0,0.0,N," Peso de saída: 32.860,00 PPT: 0,0000 Frete: 0,00
Mercadoria: ALGODÃO EM PLUMA Valor: 504.823,44 Tolerância Quebra: 0,2500
","
",,KELVIN,KELVIN,2022-10-26 07:57:37.580,2022-10-26 07:57:37.580,"BOM FRETE LOGISTICA E TRANSPORTES LTDA 24.073.150/0002-74
SORRISO-MT CEP: 78894280
AVENIDA PERIMETRAL SUDOESTE ,8245 SÃO CRISTOVÃO 
Fone: 06634265920 EMail: bomfrete@bomfrete.com.br
"
47,2022-11-07 08:25:14.292,16140,,1.0,30365.0,0,2022-11-07 08:25:14.292,,,,"COOPERBRAC COOP. AGR. DO BRASIL CENTRAL 15.759.617/0003-24
SAO PAULO-SP CEP: 04220001
AVENIDA PRESIDENTE WILSON,- DE 4153/4154 A 5651/56,4772 VILA INDEPENDENCIA
Fone: 01120636969 Compl: 
",0.0,0.0,"TEXTIL CANATIBA LTDA 56.723.091/0001-48
SANTA BARBARA D`OESTE-SP CEP: 13456901
AVENIDA INTERDISTRITAL.COMEND.E.ROMI,350 DIST. INDUSTRIAL
Fone: 01934594000 Compl: 
",0.0,0.0,N," Peso de saída: 32.000,00 PPT: 0,0000 Frete: 0,00
Mercadoria: ALGODAO EM PLUMA Valor: 504.306,96 Tolerância Quebra: 0,2500
","
",,KELVIN,KELVIN,2022-11-07 08:27:10.808,2022-11-07 08:27:10.808,"BOM FRETE LOGISTICA E TRANSPORTES LTDA 24.073.150/0002-74
SORRISO-MT CEP: 78894280
AVENIDA PERIMETRAL SUDOESTE ,8245 SÃO CRISTOVÃO 
Fone: 06634265920 EMail: bomfrete@bomfrete.com.br
"
48,2022-11-08 13:49:38.707,16267,,1.0,30447.0,0,2022-11-08 13:49:38.707,,,,"3SB PRODUTOS AGRCOLAS S.A 22.177.696/0002-40
PRIMAVERA DO LESTE-MT CEP: 78850000
RODOVIA MT 130 KM 56 MAIS 5 KM A ESQUERDA,S/N° ZONA RURAL
Fone: 06237738006 Compl: 
",0.0,0.0,"COOPERBRAC COOP. AGR. DO BRASIL CENTRAL 15.759.617/0003-24
SAO PAULO-SP CEP: 04220001
AVENIDA PRESIDENTE WILSON,- DE 4153/4154 A 5651/56,4772 VILA INDEPENDENCIA
Fone: 01120636969 Compl: 
",0.0,0.0,N," Peso de saída: 32.220,00 PPT: 257,8361 Frete: 8.307,48
Mercadoria: ALGODAO EM PLUMA Valor: 366.703,98 Tolerância Quebra: 0,2500
","CONTRATO 21/2022 - IE 01/2022 BLOCO 155 C 138 FDS TIPO 32-3 - SAFRA 21/22
BLOCO 231 C 22 FDS TIPO 32-3
",,KELVIN,KELVIN,2022-11-08 13:57:18.798,2022-11-08 13:57:18.767,"BOM FRETE LOGISTICA E TRANSPORTES LTDA MT 24.073.150/0001-93
RONDONOPOLIS-MT CEP: 78705018
RUA DEZENOVE DE NOVEMBRO ,1377 VILA BIRIGUI 
Fone: 06634265920 EMail: bomfrete@bomfrete.com.br
"
49,2022-11-10 13:49:03.484,16267,,1.0,30571.0,0,2022-11-10 13:49:03.484,,,,"COOPERBRAC COOP. AGR. DO BRASIL CENTRAL 15.759.617/0003-24
SAO PAULO-SP CEP: 04220001
AVENIDA PRESIDENTE WILSON,- DE 4153/4154 A 5651/56,4772 VILA INDEPENDENCIA
Fone: 01120636969 Compl: 
",0.0,0.0,"TEXTIL CANATIBA LTDA 56.723.091/0001-48
SANTA BARBARA D`OESTE-SP CEP: 13456901
AVENIDA INTERDISTRITAL.COMEND.E.ROMI,350 DIST. INDUSTRIAL
Fone: 01934594000 Compl: 
",0.0,0.0,N," Peso de saída: 32.220,00 PPT: 0,0000 Frete: 0,00
Mercadoria: ALGODAO EM PLUMA Valor: 555.129,70 Tolerância Quebra: 0,2500
","
",,KELVIN,KELVIN,2022-11-10 13:52:39.558,2022-11-10 13:52:38.840,"BOM FRETE LOGISTICA E TRANSPORTES LTDA 24.073.150/0002-74
SORRISO-MT CEP: 78894280
AVENIDA PERIMETRAL SUDOESTE ,8245 SÃO CRISTOVÃO 
Fone: 06634265920 EMail: bomfrete@bomfrete.com.br
"
50,2022-11-14 08:13:43.353,16340,,1.0,30744.0,0,2022-11-14 08:13:43.353,,,,"COOPERBRAC COOP. AGR. DO BRASIL CENTRAL 15.759.617/0003-24
SAO PAULO-SP CEP: 04220001
AVENIDA PRESIDENTE WILSON,- DE 4153/4154 A 5651/56,4772 VILA INDEPENDENCIA
Fone: 01120636969 Compl: 
",0.0,0.0,"IBERFIOS FIACAO E TECELAGEM EIRELI 61.018.180/0001-23
NOVA ODESSA-SP CEP: 13460000
AVENIDA BRASIL ,2300-A BAIRRO CACHOEIRA
Fone: 01934767600 Compl: 
",0.0,0.0,N," Peso de saída: 31.960,00 PPT: 0,0000 Frete: 0,00
Mercadoria: ALGODÃO EM PLUMA Valor: 422.311,72 Tolerância Quebra: 0,2500
","
",,KELVIN,KELVIN,2022-11-14 08:15:38.233,2022-11-14 08:15:38.217,"BOM FRETE LOGISTICA E TRANSPORTES LTDA 24.073.150/0004-36
ARACATUBA-SP CEP: 16018805
RODOVIA MARECHAL RONDON,SN CAMPUS UNIVERSITÁRIO
Fone: 06634265920 EMail: bomfrete@bomfrete.com.br
"
51,2022-12-08 09:35:27.506,9042,,1.0,32111.0,0,2022-12-08 09:35:27.506,,,,"AGROPECUARIA MASUTTI LTDA 26.595.181/0002-10
COMODORO-MT CEP: 78310000
ROD BR 174,588 PADRONAL
Fone: 06533162200 Compl: FAZENDA JK
",0.0,0.0,"DINAMO INTER AGRICOLA LTDA 56.851.611/0014-12
SANTOS-SP CEP: 11010020
AV VEREADOR ALFREDO DA NEVES,2090 ALEMOA
Fone: 06634343434 Compl: 
",0.0,0.0,N," Peso de saída: 25.600,00 PPT: 470,3125 Frete: 12.040,00
Mercadoria: ALGODAO EM PLUMA Valor: 231.273,40 Tolerância Quebra: 0,2500
","LOTE 10238 TIPO 43-5 C 110 FDS
IE LAF13622 CONTRATO AG-23440/10 SAFRA 21/22
",,KELVIN,KELVIN,2022-12-08 09:38:02.674,2022-12-08 09:38:02.674,"BOM FRETE LOGISTICA E TRANSPORTES LTDA 24.073.150/0002-74
SORRISO-MT CEP: 78894280
AVENIDA PERIMETRAL SUDOESTE ,8245 SÃO CRISTOVÃO 
Fone: 06634265920 EMail: bomfrete@bomfrete.com.br
"
52,2022-12-10 15:35:10.388,13893,,1.0,32255.0,0,2022-12-10 15:35:10.388,,,,"COOAMI - COOP MEC IND PROD DE SORRISO 05.112.520/0001-00
SORRISO-MT CEP: 78890000
RUA ALTA FLORESTA,050 CENTRO
Fone: 06635440119 Compl: 
",0.0,0.0,"THOM  CIA LTDA 10.782.530/0013-26
RONDONOPOLIS-MT CEP: 78756000
EST VICINAL DAS TRES PONTES ,S/N ZONA RURAL
Fone: 06634343434 Compl: KM 02, SALA C
",0.0,0.0,N," Peso de saída: 32.920,00 PPT: 190,0000 Frete: 6.254,80
Mercadoria: ALGODAO EM PLUMA Valor: 412.672,63 Tolerância Quebra: 0,2500
","LOTE 15 GI CM 19 FARDOS/LOTE 163 GI CM 145 FARDOS
LOTE PRODUTOR: 15-GI-, LOTE ADM: 29751-, TIPO ALGODAO: 31-3-
LOTE PRODUTOR: 163-GI-, LOTE ADM: 29714-, TIPO ALGODAO: 41-4-
",,KELVIN,KELVIN,2022-12-10 15:39:59.774,2022-12-10 15:39:59.758,"BOM FRETE LOGISTICA E TRANSPORTES LTDA 24.073.150/0002-74
SORRISO-MT CEP: 78894280
AVENIDA PERIMETRAL SUDOESTE ,8245 SÃO CRISTOVÃO 
Fone: 06634265920 EMail: bomfrete@bomfrete.com.br
"
53,2022-12-12 17:06:05.169,16891,,1.0,32320.0,0,2022-12-12 17:06:05.169,,,,"COOAMI - COOP MEC IND PROD DE SORRISO 05.112.520/0001-00
SORRISO-MT CEP: 78890000
RUA ALTA FLORESTA,050 CENTRO
Fone: 06635440119 Compl: 
",0.0,0.0,"THOM  CIA LTDA 10.782.530/0013-26
RONDONOPOLIS-MT CEP: 78756000
EST VICINAL DAS TRES PONTES ,S/N ZONA RURAL
Fone: 06634343434 Compl: KM 02, SALA C
",0.0,0.0,N," Peso de saída: 30.260,00 PPT: 185,0000 Frete: 5.598,10
Mercadoria: ALGODAO EM PLUMA Valor: 379.342,06 Tolerância Quebra: 0,2500
","NF DE VENDA 134828/LT PRODUTOR 125GI/LT ADM 29754 TIPO 51-5
NF DE VENDA 134829/LT PRODUTOR 15GI/LT ADM 29751 TIPO 31-3
",,KELVIN,KELVIN,2022-12-12 17:10:13.777,2022-12-12 17:10:13.589,"BOM FRETE LOGISTICA E TRANSPORTES LTDA 24.073.150/0002-74
SORRISO-MT CEP: 78894280
AVENIDA PERIMETRAL SUDOESTE ,8245 SÃO CRISTOVÃO 
Fone: 06634265920 EMail: bomfrete@bomfrete.com.br
"
